[{"model": "home.homepage", "pk": 3, "fields": {"body": "[{\"id\": \"ce648d1f-bccc-4ca3-93cf-9247ff79d7dd\", \"type\": \"richtext\", \"value\": \"<p data-block-key=\\\"i0vu7\\\">This site is using a dev version of the database with mock content. It does not mirror the production site. If you want to add a page, user or other content to the database, just make the changes in Wagtail and export fixtures from your Vagrant shell:</p>\"}, {\"id\": \"2c6f059f-e50b-4501-842e-58535ad4981c\", \"type\": \"new_row\", \"value\": {}}, {\"id\": \"64761a97-4ceb-43f4-8e19-b386d416d5c4\", \"type\": \"richtext\", \"value\": \"<p data-block-key=\\\"qk7h4\\\"><b>./manage.py dumpdata &gt; home/fixtures/dev.json</b></p>\"}, {\"id\": \"c9cc9d1f-3bd1-498f-9b86-8db95d69981b\", \"type\": \"new_row\", \"value\": {}}, {\"id\": \"c23e98c3-8b72-4f27-bfe8-74888a3099f1\", \"type\": \"richtext\", \"value\": \"<p data-block-key=\\\"qk7h4\\\"></p><p data-block-key=\\\"284i7\\\">Any changes you&#x27;ve made will be preserved in the dev database.</p>\"}]"}}, {"model": "portal.portalhomepage", "pk": 11, "fields": {"introduction": "<p data-block-key=\"vmtxr\">Run a manual sweep of anomalous airborne or electromagnetic readings. Radiation levels in our atmosphere have increased by 3,000 percent. Electromagnetic and subspace wave fronts approaching synchronization. What is the strength of the ship&#x27;s deflector shields at maximum output? The wormhole&#x27;s size and short period would make this a local phenomenon. Do you have sufficient data to compile a holographic simulation?</p><p data-block-key=\"anht6\"></p><p data-block-key=\"9hnvr\"></p>", "featured_exhibit": null, "about_the_bmrc": "<p data-block-key=\"w215r\">Shields up. I recommend we transfer power to phasers and arm the photon torpedoes. Something strange on the detector circuit. The weapons must have disrupted our communicators. You saw something as tasty as meat, but inorganically materialized out of patterns used by our transporters. Captain, the most elementary and valuable statement in science, the beginning of wisdom, is &#x27;I do not know.&#x27; All transporters off.</p>"}}, {"model": "standard.standardpage", "pk": 6, "fields": {"body": "[{\"id\": \"92590588-018e-4faa-88e4-9c082b881ba7\", \"type\": \"richtext\", \"value\": \"<p data-block-key=\\\"0qbku\\\">Unidentified vessel travelling at sub warp speed, bearing 235.7. Fluctuations in energy readings from it, Captain. All transporters off. A strange set-up, but I&#x27;d say the graviton generator is depolarized. The dark colourings of the scrapes are the leavings of natural rubber, a type of non-conductive sole used by researchers experimenting with electricity. The molecules must have been partly de-phased by the anyon beam.</p><p data-block-key=\\\"eg6h9\\\"></p>\"}]"}}, {"model": "standard.standardpage", "pk": 7, "fields": {"body": "[{\"id\": \"588dc3ac-086f-49a7-a77d-f38ef27f7eca\", \"type\": \"richtext\", \"value\": \"<p data-block-key=\\\"feqb0\\\">Shields up. I recommend we transfer power to phasers and arm the photon torpedoes. Something strange on the detector circuit. The weapons must have disrupted our communicators. You saw something as tasty as meat, but inorganically materialized out of patterns used by our transporters. Captain, the most elementary and valuable statement in science, the beginning of wisdom, is &#x27;I do not know.&#x27; All transporters off.</p><p data-block-key=\\\"72cf6\\\"></p><p data-block-key=\\\"al6os\\\">It indicates a synchronic distortion in the areas emanating triolic waves. The cerebellum, the cerebral cortex, the brain stem,  the entire nervous system has been depleted of electrochemical energy. Any device like that would produce high levels of triolic waves. These walls have undergone some kind of selective molecular polarization. I haven&#x27;t determined if our phaser energy can generate a stable field. We could alter the photons with phase discriminators.</p><p data-block-key=\\\"eappg\\\"></p><p data-block-key=\\\"596li\\\">We&#x27;re acquainted with the wormhole phenomenon, but this... Is a remarkable piece of bio-electronic engineering by which I see much of the EM spectrum ranging from heat and infrared through radio waves, et cetera, and forgive me if I&#x27;ve said and listened to this a thousand times. This planet&#x27;s interior heat provides an abundance of geothermal energy. We need to neutralize the homing signal.</p><p data-block-key=\\\"e9ut6\\\"></p><p data-block-key=\\\"dbrdo\\\"></p>\"}]"}}, {"model": "standard.standardpage", "pk": 8, "fields": {"body": "[{\"id\": \"ab79628c-32d3-43b3-a919-1170b663c7ff\", \"type\": \"richtext\", \"value\": \"<p data-block-key=\\\"i6rra\\\">I have reset the sensors to scan for frequencies outside the usual range. By emitting harmonic vibrations to shatter the lattices. We will monitor and adjust the frequency of the resonators. He has this ability of instantly interpreting and extrapolating any verbal communication he hears. It may be due to the envelope over the structure, causing hydrogen-carbon helix patterns throughout. I&#x27;m comparing the molecular integrity of that bubble against our phasers.</p><p data-block-key=\\\"3jldu\\\"></p><p data-block-key=\\\"77rtk\\\">Now what are the possibilities of warp drive? Cmdr Riker&#x27;s nervous system has been invaded by an unknown microorganism. The organisms fuse to the nerve, intertwining at the molecular level. That&#x27;s why the transporter&#x27;s biofilters couldn&#x27;t extract it. The vertex waves show a K-complex corresponding to an REM state. The engineering section&#x27;s critical. Destruction is imminent. Their robes contain ultritium, highly explosive, virtually undetectable by your transporter.</p><p data-block-key=\\\"ajl85\\\"></p><p data-block-key=\\\"4qh1t\\\">Exceeding reaction chamber thermal limit. We have begun power-supply calibration. Force fields have been established on all turbo lifts and crawlways. Computer, run a level-two diagnostic on warp-drive systems. Antimatter containment positive. Warp drive within normal parameters. I read an ion trail characteristic of a freighter escape pod. The bomb had a molecular-decay detonator. Detecting some unusual fluctuations in subspace frequencies.</p><p data-block-key=\\\"681ck\\\"></p><p data-block-key=\\\"7p2u\\\"></p>\"}]"}}, {"model": "standard.standardpage", "pk": 9, "fields": {"body": "[{\"id\": \"03b20623-98c1-4b49-bace-a9f47aca3eca\", \"type\": \"richtext\", \"value\": \"<p data-block-key=\\\"5rp53\\\">It indicates a synchronic distortion in the areas emanating triolic waves. The cerebellum, the cerebral cortex, the brain stem,  the entire nervous system has been depleted of electrochemical energy. Any device like that would produce high levels of triolic waves. These walls have undergone some kind of selective molecular polarization. I haven&#x27;t determined if our phaser energy can generate a stable field. We could alter the photons with phase discriminators.</p><p data-block-key=\\\"alkis\\\"></p>\"}]"}}, {"model": "standard.standardpage", "pk": 12, "fields": {"body": "[{\"id\": \"24f410bb-b818-4001-aa6a-8c45c55e4b96\", \"type\": \"richtext\", \"value\": \"<p data-block-key=\\\"4yq9l\\\">Communication is not possible. The shuttle has no power. Using the gravitational pull of a star to slingshot back in time? We are going to Starbase Montgomery for Engineering consultations prompted by minor read-out anomalies. Probes have recorded unusual levels of geological activity in all five planetary systems. Assemble a team. Look at records of the Drema quadrant. Would these scans detect artificial transmissions as well as natural signals?</p><p data-block-key=\\\"9el7p\\\"></p><p data-block-key=\\\"89lv\\\">Sensors indicate no shuttle or other ships in this sector. According to coordinates, we have travelled 7,000 light years and are located near the system J-25. Tractor beam released, sir. Force field maintaining our hull integrity. Damage report? Sections 27, 28 and 29 on decks four, five and six destroyed. Without our shields, at this range it is probable a photon detonation could destroy the Enterprise.</p><p data-block-key=\\\"ffpn5\\\"></p><p data-block-key=\\\"c6n6t\\\">Now what are the possibilities of warp drive? Cmdr Riker&#x27;s nervous system has been invaded by an unknown microorganism. The organisms fuse to the nerve, intertwining at the molecular level. That&#x27;s why the transporter&#x27;s biofilters couldn&#x27;t extract it. The vertex waves show a K-complex corresponding to an REM state. The engineering section&#x27;s critical. Destruction is imminent. Their robes contain ultritium, highly explosive, virtually undetectable by your transporter.</p><p data-block-key=\\\"dmr0t\\\"></p><p data-block-key=\\\"be3j2\\\">Run a manual sweep of anomalous airborne or electromagnetic readings. Radiation levels in our atmosphere have increased by 3,000 percent. Electromagnetic and subspace wave fronts approaching synchronization. What is the strength of the ship&#x27;s deflector shields at maximum output? The wormhole&#x27;s size and short period would make this a local phenomenon. Do you have sufficient data to compile a holographic simulation?</p><p data-block-key=\\\"78mae\\\"></p><p data-block-key=\\\"3ojj5\\\"></p>\"}]"}}, {"model": "standard.standardpage", "pk": 13, "fields": {"body": "[{\"id\": \"cab3ca6e-c076-442d-8c40-2ec9052da6e8\", \"type\": \"richtext\", \"value\": \"<p data-block-key=\\\"y0wv7\\\">Unidentified vessel travelling at sub warp speed, bearing 235.7. Fluctuations in energy readings from it, Captain. All transporters off. A strange set-up, but I&#x27;d say the graviton generator is depolarized. The dark colourings of the scrapes are the leavings of natural rubber, a type of non-conductive sole used by researchers experimenting with electricity. The molecules must have been partly de-phased by the anyon beam.</p><p data-block-key=\\\"7l85u\\\"></p><p data-block-key=\\\"10hj0\\\"></p>\"}]"}}, {"model": "standard.standardpage", "pk": 14, "fields": {"body": "[{\"id\": \"827badc5-9687-4903-873b-cbdd0ca1d00a\", \"type\": \"richtext\", \"value\": \"<p data-block-key=\\\"1k0om\\\">We&#x27;re acquainted with the wormhole phenomenon, but this... Is a remarkable piece of bio-electronic engineering by which I see much of the EM spectrum ranging from heat and infrared through radio waves, et cetera, and forgive me if I&#x27;ve said and listened to this a thousand times. This planet&#x27;s interior heat provides an abundance of geothermal energy. We need to neutralize the homing signal.</p><p data-block-key=\\\"dqq2o\\\"></p><p data-block-key=\\\"5c4d4\\\">Sensors indicate no shuttle or other ships in this sector. According to coordinates, we have travelled 7,000 light years and are located near the system J-25. Tractor beam released, sir. Force field maintaining our hull integrity. Damage report? Sections 27, 28 and 29 on decks four, five and six destroyed. Without our shields, at this range it is probable a photon detonation could destroy the Enterprise.</p><p data-block-key=\\\"ea4dn\\\"></p><p data-block-key=\\\"80nrr\\\"></p>\"}]"}}, {"model": "standard.standardpage", "pk": 15, "fields": {"body": "[{\"id\": \"d6b0ac04-c16b-4915-bf92-8ab03571661d\", \"type\": \"richtext\", \"value\": \"<p data-block-key=\\\"z4flh\\\">Unidentified vessel travelling at sub warp speed, bearing 235.7. Fluctuations in energy readings from it, Captain. All transporters off. A strange set-up, but I&#x27;d say the graviton generator is depolarized. The dark colourings of the scrapes are the leavings of natural rubber, a type of non-conductive sole used by researchers experimenting with electricity. The molecules must have been partly de-phased by the anyon beam.</p><p data-block-key=\\\"9oog0\\\"></p><p data-block-key=\\\"eatg6\\\">I have reset the sensors to scan for frequencies outside the usual range. By emitting harmonic vibrations to shatter the lattices. We will monitor and adjust the frequency of the resonators. He has this ability of instantly interpreting and extrapolating any verbal communication he hears. It may be due to the envelope over the structure, causing hydrogen-carbon helix patterns throughout. I&#x27;m comparing the molecular integrity of that bubble against our phasers.</p><p data-block-key=\\\"3hnom\\\"></p><p data-block-key=\\\"d1761\\\">Now what are the possibilities of warp drive? Cmdr Riker&#x27;s nervous system has been invaded by an unknown microorganism. The organisms fuse to the nerve, intertwining at the molecular level. That&#x27;s why the transporter&#x27;s biofilters couldn&#x27;t extract it. The vertex waves show a K-complex corresponding to an REM state. The engineering section&#x27;s critical. Destruction is imminent. Their robes contain ultritium, highly explosive, virtually undetectable by your transporter.</p><p data-block-key=\\\"e2bie\\\"></p><p data-block-key=\\\"ch3f8\\\"></p>\"}]"}}, {"model": "standard.standardpage", "pk": 16, "fields": {"body": "[{\"id\": \"99ad71c8-4d87-4999-9495-c1153f8705f4\", \"type\": \"richtext\", \"value\": \"<p data-block-key=\\\"8o451\\\">I have reset the sensors to scan for frequencies outside the usual range. By emitting harmonic vibrations to shatter the lattices. We will monitor and adjust the frequency of the resonators. He has this ability of instantly interpreting and extrapolating any verbal communication he hears. It may be due to the envelope over the structure, causing hydrogen-carbon helix patterns throughout. I&#x27;m comparing the molecular integrity of that bubble against our phasers.</p><p data-block-key=\\\"bq3vt\\\"></p><p data-block-key=\\\"8s4k6\\\">Shields up. I recommend we transfer power to phasers and arm the photon torpedoes. Something strange on the detector circuit. The weapons must have disrupted our communicators. You saw something as tasty as meat, but inorganically materialized out of patterns used by our transporters. Captain, the most elementary and valuable statement in science, the beginning of wisdom, is &#x27;I do not know.&#x27; All transporters off.</p><p data-block-key=\\\"kihv\\\"></p><p data-block-key=\\\"3p6t8\\\">Sensors indicate no shuttle or other ships in this sector. According to coordinates, we have travelled 7,000 light years and are located near the system J-25. Tractor beam released, sir. Force field maintaining our hull integrity. Damage report? Sections 27, 28 and 29 on decks four, five and six destroyed. Without our shields, at this range it is probable a photon detonation could destroy the Enterprise.</p><p data-block-key=\\\"etk0f\\\"></p><p data-block-key=\\\"8ls0i\\\">Unidentified vessel travelling at sub warp speed, bearing 235.7. Fluctuations in energy readings from it, Captain. All transporters off. A strange set-up, but I&#x27;d say the graviton generator is depolarized. The dark colourings of the scrapes are the leavings of natural rubber, a type of non-conductive sole used by researchers experimenting with electricity. The molecules must have been partly de-phased by the anyon beam.</p><p data-block-key=\\\"df610\\\"></p><p data-block-key=\\\"c94af\\\">Deflector power at maximum. Energy discharge in six seconds. Warp reactor core primary coolant failure. Fluctuate phaser resonance frequencies. Resistance is futile. Recommend we adjust shield harmonics to the upper EM band when proceeding. These appear to be some kind of power-wave-guide conduits which allow them to work collectively as they perform ship functions. Increase deflector modulation to upper frequency band.</p><p data-block-key=\\\"28g79\\\"></p><p data-block-key=\\\"1rsdv\\\"></p>\"}]"}}, {"model": "standard.standardpage", "pk": 17, "fields": {"body": "[{\"id\": \"626e76b7-cbed-41ef-993a-89eb8f735b2c\", \"type\": \"richtext\", \"value\": \"<p data-block-key=\\\"x5349\\\">Shields up. I recommend we transfer power to phasers and arm the photon torpedoes. Something strange on the detector circuit. The weapons must have disrupted our communicators. You saw something as tasty as meat, but inorganically materialized out of patterns used by our transporters. Captain, the most elementary and valuable statement in science, the beginning of wisdom, is &#x27;I do not know.&#x27; All transporters off.</p><p data-block-key=\\\"85l86\\\"></p><p data-block-key=\\\"ev0s0\\\">Sensors indicate no shuttle or other ships in this sector. According to coordinates, we have travelled 7,000 light years and are located near the system J-25. Tractor beam released, sir. Force field maintaining our hull integrity. Damage report? Sections 27, 28 and 29 on decks four, five and six destroyed. Without our shields, at this range it is probable a photon detonation could destroy the Enterprise.</p><p data-block-key=\\\"4boh2\\\"></p><p data-block-key=\\\"fq1ev\\\">Deflector power at maximum. Energy discharge in six seconds. Warp reactor core primary coolant failure. Fluctuate phaser resonance frequencies. Resistance is futile. Recommend we adjust shield harmonics to the upper EM band when proceeding. These appear to be some kind of power-wave-guide conduits which allow them to work collectively as they perform ship functions. Increase deflector modulation to upper frequency band.</p><p data-block-key=\\\"e63qf\\\"></p>\"}]"}}, {"model": "standard.standardpage", "pk": 18, "fields": {"body": "[{\"id\": \"284f11fa-901b-4288-9de3-60f2cfcf241e\", \"type\": \"richtext\", \"value\": \"<p data-block-key=\\\"lt89w\\\">Communication is not possible. The shuttle has no power. Using the gravitational pull of a star to slingshot back in time? We are going to Starbase Montgomery for Engineering consultations prompted by minor read-out anomalies. Probes have recorded unusual levels of geological activity in all five planetary systems. Assemble a team. Look at records of the Drema quadrant. Would these scans detect artificial transmissions as well as natural signals?</p><p data-block-key=\\\"3dvku\\\"></p><p data-block-key=\\\"bttga\\\">Unidentified vessel travelling at sub warp speed, bearing 235.7. Fluctuations in energy readings from it, Captain. All transporters off. A strange set-up, but I&#x27;d say the graviton generator is depolarized. The dark colourings of the scrapes are the leavings of natural rubber, a type of non-conductive sole used by researchers experimenting with electricity. The molecules must have been partly de-phased by the anyon beam.</p><p data-block-key=\\\"8unnu\\\"></p><p data-block-key=\\\"dt9t2\\\"></p>\"}]"}}, {"model": "standard.standardpage", "pk": 19, "fields": {"body": "[{\"id\": \"0d46a540-d980-4ee5-a715-040eb4203da6\", \"type\": \"richtext\", \"value\": \"<p data-block-key=\\\"q1ie1\\\">Sensors indicate no shuttle or other ships in this sector. According to coordinates, we have travelled 7,000 light years and are located near the system J-25. Tractor beam released, sir. Force field maintaining our hull integrity. Damage report? Sections 27, 28 and 29 on decks four, five and six destroyed. Without our shields, at this range it is probable a photon detonation could destroy the Enterprise.</p>\"}]"}}, {"model": "standard.standardpage", "pk": 20, "fields": {"body": "[{\"id\": \"862c9348-617f-4593-bde8-0493275d24d8\", \"type\": \"richtext\", \"value\": \"<p data-block-key=\\\"82cnu\\\">Shields up. I recommend we transfer power to phasers and arm the photon torpedoes. Something strange on the detector circuit. The weapons must have disrupted our communicators. You saw something as tasty as meat, but inorganically materialized out of patterns used by our transporters. Captain, the most elementary and valuable statement in science, the beginning of wisdom, is &#x27;I do not know.&#x27; All transporters off.</p><p data-block-key=\\\"dvptt\\\"></p><p data-block-key=\\\"fvfms\\\">Exceeding reaction chamber thermal limit. We have begun power-supply calibration. Force fields have been established on all turbo lifts and crawlways. Computer, run a level-two diagnostic on warp-drive systems. Antimatter containment positive. Warp drive within normal parameters. I read an ion trail characteristic of a freighter escape pod. The bomb had a molecular-decay detonator. Detecting some unusual fluctuations in subspace frequencies.</p><p data-block-key=\\\"2h3am\\\"></p><p data-block-key=\\\"cd6uj\\\">I have reset the sensors to scan for frequencies outside the usual range. By emitting harmonic vibrations to shatter the lattices. We will monitor and adjust the frequency of the resonators. He has this ability of instantly interpreting and extrapolating any verbal communication he hears. It may be due to the envelope over the structure, causing hydrogen-carbon helix patterns throughout. I&#x27;m comparing the molecular integrity of that bubble against our phasers.</p><p data-block-key=\\\"4ga9e\\\"></p><p data-block-key=\\\"8oin2\\\">Unidentified vessel travelling at sub warp speed, bearing 235.7. Fluctuations in energy readings from it, Captain. All transporters off. A strange set-up, but I&#x27;d say the graviton generator is depolarized. The dark colourings of the scrapes are the leavings of natural rubber, a type of non-conductive sole used by researchers experimenting with electricity. The molecules must have been partly de-phased by the anyon beam.</p><p data-block-key=\\\"1qkpo\\\"></p><p data-block-key=\\\"bt707\\\">Sensors indicate no shuttle or other ships in this sector. According to coordinates, we have travelled 7,000 light years and are located near the system J-25. Tractor beam released, sir. Force field maintaining our hull integrity. Damage report? Sections 27, 28 and 29 on decks four, five and six destroyed. Without our shields, at this range it is probable a photon detonation could destroy the Enterprise.</p>\"}]"}}, {"model": "standard.standardpage", "pk": 21, "fields": {"body": "[{\"id\": \"72cbfef4-faaa-43dd-b16a-2e03ba8b05b7\", \"type\": \"richtext\", \"value\": \"<p data-block-key=\\\"r3i7i\\\">Run a manual sweep of anomalous airborne or electromagnetic readings. Radiation levels in our atmosphere have increased by 3,000 percent. Electromagnetic and subspace wave fronts approaching synchronization. What is the strength of the ship&#x27;s deflector shields at maximum output? The wormhole&#x27;s size and short period would make this a local phenomenon. Do you have sufficient data to compile a holographic simulation?</p><p data-block-key=\\\"45bj7\\\"></p><p data-block-key=\\\"9gv88\\\">Sensors indicate no shuttle or other ships in this sector. According to coordinates, we have travelled 7,000 light years and are located near the system J-25. Tractor beam released, sir. Force field maintaining our hull integrity. Damage report? Sections 27, 28 and 29 on decks four, five and six destroyed. Without our shields, at this range it is probable a photon detonation could destroy the Enterprise.</p>\"}]"}}, {"model": "standard.standardpage", "pk": 22, "fields": {"body": "[{\"id\": \"d57f41b0-affb-4f32-a9e3-a150bba9269d\", \"type\": \"richtext\", \"value\": \"<p data-block-key=\\\"i82qq\\\">Communication is not possible. The shuttle has no power. Using the gravitational pull of a star to slingshot back in time? We are going to Starbase Montgomery for Engineering consultations prompted by minor read-out anomalies. Probes have recorded unusual levels of geological activity in all five planetary systems. Assemble a team. Look at records of the Drema quadrant. Would these scans detect artificial transmissions as well as natural signals?</p>\"}]"}}, {"model": "standard.standardpage", "pk": 23, "fields": {"body": "[{\"id\": \"d8a5f510-6d98-4221-9985-5bc11b6f7b50\", \"type\": \"richtext\", \"value\": \"<p data-block-key=\\\"q37ec\\\">Sensors indicate human life forms 30 meters below the planet&#x27;s surface. Stellar flares are increasing in magnitude and frequency. Set course for Rhomboid Dronegar 006, warp seven. There&#x27;s no evidence of an advanced communication network. Total guidance system failure, with less than 24 hours&#x27; reserve power. Shield effectiveness has been reduced 12 percent. We have covered the area in a spherical pattern which a ship without warp drive could cross in the given time.</p><p data-block-key=\\\"e5n5v\\\"></p><p data-block-key=\\\"8jq7i\\\">Deflector power at maximum. Energy discharge in six seconds. Warp reactor core primary coolant failure. Fluctuate phaser resonance frequencies. Resistance is futile. Recommend we adjust shield harmonics to the upper EM band when proceeding. These appear to be some kind of power-wave-guide conduits which allow them to work collectively as they perform ship functions. Increase deflector modulation to upper frequency band.</p>\"}]"}}, {"model": "standard.standardpage", "pk": 24, "fields": {"body": "[{\"id\": \"3f6755c2-8ffd-4698-81e7-5f62f24ab23a\", \"type\": \"richtext\", \"value\": \"<p data-block-key=\\\"e48mg\\\">Unidentified vessel travelling at sub warp speed, bearing 235.7. Fluctuations in energy readings from it, Captain. All transporters off. A strange set-up, but I&#x27;d say the graviton generator is depolarized. The dark colourings of the scrapes are the leavings of natural rubber, a type of non-conductive sole used by researchers experimenting with electricity. The molecules must have been partly de-phased by the anyon beam.</p>\"}]"}}, {"model": "standard.standardpage", "pk": 25, "fields": {"body": "[{\"id\": \"4f5dead2-a1c1-4528-9fec-df13e3a758d3\", \"type\": \"richtext\", \"value\": \"<p data-block-key=\\\"abzvo\\\">Deflector power at maximum. Energy discharge in six seconds. Warp reactor core primary coolant failure. Fluctuate phaser resonance frequencies. Resistance is futile. Recommend we adjust shield harmonics to the upper EM band when proceeding. These appear to be some kind of power-wave-guide conduits which allow them to work collectively as they perform ship functions. Increase deflector modulation to upper frequency band.</p><p data-block-key=\\\"dvol8\\\"></p><p data-block-key=\\\"68lmf\\\">We&#x27;re acquainted with the wormhole phenomenon, but this... Is a remarkable piece of bio-electronic engineering by which I see much of the EM spectrum ranging from heat and infrared through radio waves, et cetera, and forgive me if I&#x27;ve said and listened to this a thousand times. This planet&#x27;s interior heat provides an abundance of geothermal energy. We need to neutralize the homing signal.</p><p data-block-key=\\\"ednb1\\\"></p><p data-block-key=\\\"5t5tv\\\">Run a manual sweep of anomalous airborne or electromagnetic readings. Radiation levels in our atmosphere have increased by 3,000 percent. Electromagnetic and subspace wave fronts approaching synchronization. What is the strength of the ship&#x27;s deflector shields at maximum output? The wormhole&#x27;s size and short period would make this a local phenomenon. Do you have sufficient data to compile a holographic simulation?</p>\"}]"}}, {"model": "news.newsindexpage", "pk": 4, "fields": {}}, {"model": "news.newsstorypage", "pk": 5, "fields": {"lead_image": null, "excerpt": "Deflector power at maximum. Energy discharge in six seconds. Warp reactor core primary coolant failure. Fluctuate phaser resonance frequencies. Resistance is futile.", "body": "[{\"id\": \"fd9c8712-def3-4a71-b6e2-1d57f92d5334\", \"type\": \"richtext\", \"value\": \"<p data-block-key=\\\"fr67o\\\">Deflector power at maximum. Energy discharge in six seconds. Warp reactor core primary coolant failure. Fluctuate phaser resonance frequencies. Resistance is futile.</p>\"}]", "story_date": "2024-08-01"}}, {"model": "news.newsstorypage", "pk": 10, "fields": {"lead_image": null, "excerpt": "We're acquainted with the wormhole phenomenon, but this... Is a remarkable piece of bio-electronic engineering by which I see much of the EM spectrum ranging from heat and infrared through radio waves, et cetera, and forgive me if I've said and listened to this a thousand times.", "body": "[{\"id\": \"f634cc3f-c19f-4bd9-8e6b-3b28efdb9624\", \"type\": \"richtext\", \"value\": \"<p data-block-key=\\\"u987b\\\">We&#x27;re acquainted with the wormhole phenomenon, but this... Is a remarkable piece of bio-electronic engineering by which I see much of the EM spectrum ranging from heat and infrared through radio waves, et cetera, and forgive me if I&#x27;ve said and listened to this a thousand times. This planet&#x27;s interior heat provides an abundance of geothermal energy. We need to neutralize the homing signal.</p><p data-block-key=\\\"jm2n\\\"></p><p data-block-key=\\\"2jinb\\\">It indicates a synchronic distortion in the areas emanating triolic waves. The cerebellum, the cerebral cortex, the brain stem,  the entire nervous system has been depleted of electrochemical energy. Any device like that would produce high levels of triolic waves. These walls have undergone some kind of selective molecular polarization. I haven&#x27;t determined if our phaser energy can generate a stable field. We could alter the photons with phase discriminators.</p><p data-block-key=\\\"73vjl\\\"></p><p data-block-key=\\\"a5vgk\\\">Shields up. I recommend we transfer power to phasers and arm the photon torpedoes. Something strange on the detector circuit. The weapons must have disrupted our communicators. You saw something as tasty as meat, but inorganically materialized out of patterns used by our transporters. Captain, the most elementary and valuable statement in science, the beginning of wisdom, is &#x27;I do not know.&#x27; All transporters off.</p><p data-block-key=\\\"a80ed\\\"></p><p data-block-key=\\\"6g9jk\\\">Sensors indicate human life forms 30 meters below the planet&#x27;s surface. Stellar flares are increasing in magnitude and frequency. Set course for Rhomboid Dronegar 006, warp seven. There&#x27;s no evidence of an advanced communication network. Total guidance system failure, with less than 24 hours&#x27; reserve power. Shield effectiveness has been reduced 12 percent. We have covered the area in a spherical pattern which a ship without warp drive could cross in the given time.</p><p data-block-key=\\\"4eqq3\\\"></p><p data-block-key=\\\"e2q57\\\">Sensors indicate no shuttle or other ships in this sector. According to coordinates, we have travelled 7,000 light years and are located near the system J-25. Tractor beam released, sir. Force field maintaining our hull integrity. Damage report? Sections 27, 28 and 29 on decks four, five and six destroyed. Without our shields, at this range it is probable a photon detonation could destroy the Enterprise.</p><p data-block-key=\\\"47imp\\\"></p><p data-block-key=\\\"4rnmt\\\"></p>\"}]", "story_date": "2024-08-01"}}, {"model": "site_settings.footersettings", "pk": 1, "fields": {"site": 2, "facebook": null, "twitter": null, "instagram": null, "address": null}}, {"model": "site_settings.alertbanner", "pk": 1, "fields": {"site": 2, "enable": false, "alert_message": null, "alert_level": "alert-info"}}, {"model": "wagtailredirects.redirect", "pk": 1, "fields": {"old_path": "/about/current-members", "site": 2, "is_permanent": true, "redirect_page": 17, "redirect_page_route_path": "", "redirect_link": "", "automatically_created": true, "created_at": "2024-08-01T17:11:04.848Z"}}, {"model": "wagtailredirects.redirect", "pk": 2, "fields": {"old_path": "/resources/legacy-management-resource-portal", "site": 2, "is_permanent": true, "redirect_page": 22, "redirect_page_route_path": "", "redirect_link": "", "automatically_created": true, "created_at": "2024-08-01T17:16:46.365Z"}}, {"model": "wagtailredirects.redirect", "pk": 3, "fields": {"old_path": "/resources/protest-in-the-archives", "site": 2, "is_permanent": true, "redirect_page": 23, "redirect_page_route_path": "", "redirect_link": "", "automatically_created": true, "created_at": "2024-08-01T17:17:49.619Z"}}, {"model": "wagtailusers.userprofile", "pk": 1, "fields": {"user": 1, "submitted_notifications": true, "approved_notifications": true, "rejected_notifications": true, "updated_comments_notifications": true, "preferred_language": "", "current_time_zone": "", "avatar": "", "dismissibles": {}, "theme": "system", "density": "default"}}, {"model": "wagtailsearch.indexentry", "pk": 1, "fields": {"content_type": 3, "object_id": "3", "title_norm": 1.25, "autocomplete": "'home':1", "title": "'home':1B", "body": ""}}, {"model": "wagtailsearch.indexentry", "pk": 2, "fields": {"content_type": 1, "object_id": "1", "title_norm": 1.25, "autocomplete": "'root':1", "title": "'root':1B", "body": ""}}, {"model": "wagtailsearch.indexentry", "pk": 3, "fields": {"content_type": 46, "object_id": "4", "title_norm": 1.25, "autocomplete": "'news':1", "title": "'news':1B", "body": ""}}, {"model": "wagtailsearch.indexentry", "pk": 6, "fields": {"content_type": 47, "object_id": "5", "title_norm": 0.625, "autocomplete": "'materialized':1 'of':3 'out':2 'patterns':4", "title": "'materi':1B 'pattern':4B", "body": "'coolant':14 'core':12 'deflector':1 'discharg':6 'energi':5 'failur':15 'fluctuat':16 'frequenc':19 'futil':22 'maximum':4 'phaser':17 'power':2 'primari':13 'reactor':11 'resist':20 'reson':18 'second':9 'six':8 'warp':10"}}, {"model": "wagtailsearch.indexentry", "pk": 9, "fields": {"content_type": 44, "object_id": "6", "title_norm": 1.2, "autocomplete": "'programs':1", "title": "'program':1B", "body": ""}}, {"model": "wagtailsearch.indexentry", "pk": 12, "fields": {"content_type": 44, "object_id": "7", "title_norm": 1.0, "autocomplete": "'about':1", "title": "", "body": ""}}, {"model": "wagtailsearch.indexentry", "pk": 15, "fields": {"content_type": 44, "object_id": "8", "title_norm": 1.1666666666666667, "autocomplete": "'resources':1", "title": "'resourc':1B", "body": ""}}, {"model": "wagtailsearch.indexentry", "pk": 18, "fields": {"content_type": 44, "object_id": "9", "title_norm": 1.1428571428571428, "autocomplete": "'contact':1", "title": "'contact':1B", "body": ""}}, {"model": "wagtailsearch.indexentry", "pk": 21, "fields": {"content_type": 47, "object_id": "10", "title_norm": 0.625, "autocomplete": "'bmrc':2 'support':1", "title": "'bmrc':2B 'support':1B", "body": "'acquaint':3 'bio':16 'bio-electron':15 'cetera':37 'electron':17 'em':26 'engin':18 'et':36 'forgiv':39 'heat':30 'infrar':32 'listen':46 'much':23 'phenomenon':7 'piec':13 'radio':34 'rang':28 're':2 'remark':12 'said':44 'see':22 'spectrum':27 'thousand':50 'time':51 've':43 'wave':35 'wormhol':6"}}, {"model": "wagtailsearch.indexentry", "pk": 24, "fields": {"content_type": 36, "object_id": "11", "title_norm": 1.222222222222222, "autocomplete": "'portal':1", "title": "'portal':1B", "body": "'000':20 '3':19 'airborn':7 'anomal':6 'approach':27 'arm':75 'atmospher':15 'begin':119 'captain':109 'circuit':84 'communic':91 'compil':61 'data':59 'deflector':37 'detector':83 'disrupt':89 'electromagnet':9,22 'elementari':112 'front':26 'holograph':63 'increas':17 'inorgan':100 'know':126 'level':12 'local':53 'make':50 'manual':3 'materi':101 'maximum':40 'meat':98 'must':87 'output':41 'pattern':104 'percent':21 'period':48 'phaser':73 'phenomenon':54 'photon':77 'power':71 'radiat':11 'read':10 'recommend':68 'run':1 'saw':93 'scienc':117 'shield':38,65 'ship':35 'short':47 'simul':64 'size':45 'someth':79,94 'statement':115 'strang':80 'strength':32 'subspac':24 'suffici':58 'sweep':4 'synchron':28 'tasti':96 'torpedo':78 'transfer':70 'transport':108,128 'use':105 'valuabl':114 'wave':25 'weapon':86 'wisdom':121 'wormhol':43 'would':49"}}, {"model": "wagtailsearch.indexentry", "pk": 27, "fields": {"content_type": 44, "object_id": "12", "title_norm": 0.32, "autocomplete": "'fellowship':5 'short':3 'short-term':2 'summer':1 'term':4", "title": "'fellowship':5B 'short':3B 'short-term':2B 'summer':1B 'term':4B", "body": ""}}, {"model": "wagtailsearch.indexentry", "pk": 30, "fields": {"content_type": 44, "object_id": "13", "title_norm": 0.38181818181818183, "autocomplete": "'archie':1 'archival':3 'internship':4 'motley':2 'program':5", "title": "'archi':1B 'archiv':3B 'internship':4B 'motley':2B 'program':5B", "body": ""}}, {"model": "wagtailsearch.indexentry", "pk": 33, "fields": {"content_type": 44, "object_id": "14", "title_norm": 0.5208333333333334, "autocomplete": "'color':1 'curtain':2 'processing':3 'project':4", "title": "'color':1B 'curtain':2B 'process':3B 'project':4B", "body": ""}}, {"model": "wagtailsearch.indexentry", "pk": 36, "fields": {"content_type": 44, "object_id": "15", "title_norm": 1.0384615384615385, "autocomplete": "'initiative':2 'survey':1", "title": "'initi':2B 'survey':1B", "body": ""}}, {"model": "wagtailsearch.indexentry", "pk": 39, "fields": {"content_type": 44, "object_id": "16", "title_norm": 1.0357142857142858, "autocomplete": "'information':2 'membership':1", "title": "'inform':2B 'membership':1B", "body": ""}}, {"model": "wagtailsearch.indexentry", "pk": 42, "fields": {"content_type": 44, "object_id": "17", "title_norm": 1.0333333333333334, "autocomplete": "'current':1 'members':2", "title": "'current':1B 'member':2B", "body": ""}}, {"model": "wagtailsearch.indexentry", "pk": 47, "fields": {"content_type": 44, "object_id": "18", "title_norm": 2.0, "autocomplete": "'partnerships':1", "title": "'partnership':1B", "body": ""}}, {"model": "wagtailsearch.indexentry", "pk": 50, "fields": {"content_type": 44, "object_id": "19", "title_norm": 0.9722222222222222, "autocomplete": "'board':1 'committees':2", "title": "'board':1B 'committe':2B", "body": ""}}, {"model": "wagtailsearch.indexentry", "pk": 53, "fields": {"content_type": 44, "object_id": "20", "title_norm": 1.9444444444444444, "autocomplete": "'staff':1", "title": "'staff':1B", "body": ""}}, {"model": "wagtailsearch.indexentry", "pk": 56, "fields": {"content_type": 44, "object_id": "21", "title_norm": 0.9736842105263158, "autocomplete": "'archives':1 'awareness':2", "title": "'archiv':1B 'awar':2B", "body": ""}}, {"model": "wagtailsearch.indexentry", "pk": 59, "fields": {"content_type": 44, "object_id": "22", "title_norm": 0.5125, "autocomplete": "'legacy':1 'management':2 'portal':4 'resource':3", "title": "'legaci':1B 'manag':2B 'portal':4B 'resourc':3B", "body": ""}}, {"model": "wagtailsearch.indexentry", "pk": 64, "fields": {"content_type": 44, "object_id": "23", "title_norm": 1.0238095238095237, "autocomplete": "'archives':4 'in':2 'protest':1 'the':3", "title": "'archiv':4B 'protest':1B", "body": ""}}, {"model": "wagtailsearch.indexentry", "pk": 69, "fields": {"content_type": 44, "object_id": "24", "title_norm": 2.0, "autocomplete": "'workshops':1", "title": "'workshop':1B", "body": ""}}, {"model": "wagtailsearch.indexentry", "pk": 72, "fields": {"content_type": 44, "object_id": "25", "title_norm": 1.9565217391304348, "autocomplete": "'jobs':1", "title": "'job':1B", "body": ""}}, {"model": "wagtailcore.locale", "pk": 1, "fields": {"language_code": "en"}}, {"model": "wagtailcore.site", "pk": 2, "fields": {"hostname": "localhost", "port": 80, "site_name": "", "root_page": 3, "is_default_site": true}}, {"model": "wagtailcore.collection", "pk": 1, "fields": {"path": "0001", "depth": 1, "numchild": 0, "name": "Root"}}, {"model": "wagtailcore.groupcollectionpermission", "pk": 1, "fields": {"group": 1, "collection": 1, "permission": 1}}, {"model": "wagtailcore.groupcollectionpermission", "pk": 2, "fields": {"group": 2, "collection": 1, "permission": 1}}, {"model": "wagtailcore.groupcollectionpermission", "pk": 3, "fields": {"group": 1, "collection": 1, "permission": 2}}, {"model": "wagtailcore.groupcollectionpermission", "pk": 4, "fields": {"group": 2, "collection": 1, "permission": 2}}, {"model": "wagtailcore.groupcollectionpermission", "pk": 5, "fields": {"group": 1, "collection": 1, "permission": 118}}, {"model": "wagtailcore.groupcollectionpermission", "pk": 6, "fields": {"group": 2, "collection": 1, "permission": 118}}, {"model": "wagtailcore.groupcollectionpermission", "pk": 7, "fields": {"group": 1, "collection": 1, "permission": 119}}, {"model": "wagtailcore.groupcollectionpermission", "pk": 8, "fields": {"group": 2, "collection": 1, "permission": 119}}, {"model": "wagtailcore.groupcollectionpermission", "pk": 9, "fields": {"group": 1, "collection": 1, "permission": 121}}, {"model": "wagtailcore.groupcollectionpermission", "pk": 10, "fields": {"group": 2, "collection": 1, "permission": 121}}, {"model": "wagtailcore.page", "pk": 1, "fields": {"path": "0001", "depth": 1, "numchild": 1, "translation_key": "274d3f17-b83f-4a5c-80de-ef8af4d306d9", "locale": 1, "latest_revision": null, "live": true, "has_unpublished_changes": false, "first_published_at": null, "last_published_at": null, "live_revision": null, "go_live_at": null, "expire_at": null, "expired": false, "locked": false, "locked_at": null, "locked_by": null, "title": "Root", "draft_title": "Root", "slug": "root", "content_type": 1, "url_path": "/", "owner": null, "seo_title": "", "show_in_menus": false, "search_description": "", "latest_revision_created_at": null, "alias_of": null}}, {"model": "wagtailcore.page", "pk": 3, "fields": {"path": "00010001", "depth": 2, "numchild": 6, "translation_key": "2581695a-f86a-42c7-8089-d71e9e989479", "locale": 1, "latest_revision": 4, "live": true, "has_unpublished_changes": false, "first_published_at": "2024-08-01T14:21:06.345Z", "last_published_at": "2024-08-01T14:42:05.572Z", "live_revision": 4, "go_live_at": null, "expire_at": null, "expired": false, "locked": false, "locked_at": null, "locked_by": null, "title": "Home", "draft_title": "Home", "slug": "home", "content_type": 3, "url_path": "/home/", "owner": null, "seo_title": "", "show_in_menus": false, "search_description": "", "latest_revision_created_at": "2024-08-01T14:42:05.461Z", "alias_of": null}}, {"model": "wagtailcore.page", "pk": 4, "fields": {"path": "000100010001", "depth": 3, "numchild": 2, "translation_key": "0ec121f7-9e95-4ba4-b9b9-c5d5a7df335b", "locale": 1, "latest_revision": 2, "live": true, "has_unpublished_changes": false, "first_published_at": "2024-08-01T14:24:51.579Z", "last_published_at": "2024-08-01T14:24:51.579Z", "live_revision": 2, "go_live_at": null, "expire_at": null, "expired": false, "locked": false, "locked_at": null, "locked_by": null, "title": "News", "draft_title": "News", "slug": "news", "content_type": 46, "url_path": "/home/news/", "owner": 1, "seo_title": "", "show_in_menus": false, "search_description": "", "latest_revision_created_at": "2024-08-01T14:24:51.488Z", "alias_of": null}}, {"model": "wagtailcore.page", "pk": 5, "fields": {"path": "0001000100010001", "depth": 4, "numchild": 0, "translation_key": "5bf78397-7265-4bfe-bb29-8008f9f5368c", "locale": 1, "latest_revision": 3, "live": true, "has_unpublished_changes": false, "first_published_at": "2024-08-01T14:25:37.205Z", "last_published_at": "2024-08-01T14:25:37.205Z", "live_revision": 3, "go_live_at": null, "expire_at": null, "expired": false, "locked": false, "locked_at": null, "locked_by": null, "title": "Materialized Out of Patterns", "draft_title": "Materialized Out of Patterns", "slug": "materialized-out-of-patterns", "content_type": 47, "url_path": "/home/news/materialized-out-of-patterns/", "owner": 1, "seo_title": "", "show_in_menus": false, "search_description": "", "latest_revision_created_at": "2024-08-01T14:25:37.143Z", "alias_of": null}}, {"model": "wagtailcore.page", "pk": 6, "fields": {"path": "000100010002", "depth": 3, "numchild": 4, "translation_key": "716a6c42-7565-42bc-b66a-11ca84f570a8", "locale": 1, "latest_revision": 5, "live": true, "has_unpublished_changes": false, "first_published_at": "2024-08-01T16:54:41.336Z", "last_published_at": "2024-08-01T16:54:41.336Z", "live_revision": 5, "go_live_at": null, "expire_at": null, "expired": false, "locked": false, "locked_at": null, "locked_by": null, "title": "Programs", "draft_title": "Programs", "slug": "programs", "content_type": 44, "url_path": "/home/programs/", "owner": 1, "seo_title": "", "show_in_menus": false, "search_description": "", "latest_revision_created_at": "2024-08-01T16:54:41.210Z", "alias_of": null}}, {"model": "wagtailcore.page", "pk": 7, "fields": {"path": "000100010003", "depth": 3, "numchild": 5, "translation_key": "9eb600ae-e98c-454a-aedc-81f6814d739f", "locale": 1, "latest_revision": 6, "live": true, "has_unpublished_changes": false, "first_published_at": "2024-08-01T16:55:17.340Z", "last_published_at": "2024-08-01T16:55:17.340Z", "live_revision": 6, "go_live_at": null, "expire_at": null, "expired": false, "locked": false, "locked_at": null, "locked_by": null, "title": "About", "draft_title": "About", "slug": "about", "content_type": 44, "url_path": "/home/about/", "owner": 1, "seo_title": "", "show_in_menus": false, "search_description": "", "latest_revision_created_at": "2024-08-01T16:55:17.253Z", "alias_of": null}}, {"model": "wagtailcore.page", "pk": 8, "fields": {"path": "000100010004", "depth": 3, "numchild": 5, "translation_key": "4483f68f-fc47-4783-bd00-89f9eb0a4009", "locale": 1, "latest_revision": 7, "live": true, "has_unpublished_changes": false, "first_published_at": "2024-08-01T16:56:09.519Z", "last_published_at": "2024-08-01T16:56:09.519Z", "live_revision": 7, "go_live_at": null, "expire_at": null, "expired": false, "locked": false, "locked_at": null, "locked_by": null, "title": "Resources", "draft_title": "Resources", "slug": "resources", "content_type": 44, "url_path": "/home/resources/", "owner": 1, "seo_title": "", "show_in_menus": false, "search_description": "", "latest_revision_created_at": "2024-08-01T16:56:09.454Z", "alias_of": null}}, {"model": "wagtailcore.page", "pk": 9, "fields": {"path": "000100010005", "depth": 3, "numchild": 0, "translation_key": "a718d69f-e3a2-4e47-a636-ea28707b67d2", "locale": 1, "latest_revision": 8, "live": true, "has_unpublished_changes": false, "first_published_at": "2024-08-01T16:57:26.485Z", "last_published_at": "2024-08-01T16:57:26.485Z", "live_revision": 8, "go_live_at": null, "expire_at": null, "expired": false, "locked": false, "locked_at": null, "locked_by": null, "title": "Contact", "draft_title": "Contact", "slug": "contact", "content_type": 44, "url_path": "/home/contact/", "owner": 1, "seo_title": "", "show_in_menus": false, "search_description": "", "latest_revision_created_at": "2024-08-01T16:57:26.411Z", "alias_of": null}}, {"model": "wagtailcore.page", "pk": 10, "fields": {"path": "0001000100010002", "depth": 4, "numchild": 0, "translation_key": "46bad65e-cb76-42c6-8820-c64ac13f09b9", "locale": 1, "latest_revision": 9, "live": true, "has_unpublished_changes": false, "first_published_at": "2024-08-01T16:58:36.546Z", "last_published_at": "2024-08-01T16:58:36.546Z", "live_revision": 9, "go_live_at": null, "expire_at": null, "expired": false, "locked": false, "locked_at": null, "locked_by": null, "title": "Support BMRC", "draft_title": "Support BMRC", "slug": "support-bmrc", "content_type": 47, "url_path": "/home/news/support-bmrc/", "owner": 1, "seo_title": "", "show_in_menus": false, "search_description": "", "latest_revision_created_at": "2024-08-01T16:58:36.453Z", "alias_of": null}}, {"model": "wagtailcore.page", "pk": 11, "fields": {"path": "000100010006", "depth": 3, "numchild": 0, "translation_key": "fecc1a33-0ff4-4a52-b348-e3b781921508", "locale": 1, "latest_revision": 10, "live": true, "has_unpublished_changes": false, "first_published_at": "2024-08-01T17:00:45.700Z", "last_published_at": "2024-08-01T17:00:45.700Z", "live_revision": 10, "go_live_at": null, "expire_at": null, "expired": false, "locked": false, "locked_at": null, "locked_by": null, "title": "Portal", "draft_title": "Portal", "slug": "portal", "content_type": 36, "url_path": "/home/portal/", "owner": 1, "seo_title": "", "show_in_menus": false, "search_description": "", "latest_revision_created_at": "2024-08-01T17:00:45.608Z", "alias_of": null}}, {"model": "wagtailcore.page", "pk": 12, "fields": {"path": "0001000100020001", "depth": 4, "numchild": 0, "translation_key": "e85a08aa-3a19-4da3-adfc-81425ba4efd1", "locale": 1, "latest_revision": 11, "live": true, "has_unpublished_changes": false, "first_published_at": "2024-08-01T17:06:22.344Z", "last_published_at": "2024-08-01T17:06:22.344Z", "live_revision": 11, "go_live_at": null, "expire_at": null, "expired": false, "locked": false, "locked_at": null, "locked_by": null, "title": "Summer Short-Term Fellowship", "draft_title": "Summer Short-Term Fellowship", "slug": "summer-short-term-fellowship", "content_type": 44, "url_path": "/home/programs/summer-short-term-fellowship/", "owner": 1, "seo_title": "", "show_in_menus": false, "search_description": "", "latest_revision_created_at": "2024-08-01T17:06:22.243Z", "alias_of": null}}, {"model": "wagtailcore.page", "pk": 13, "fields": {"path": "0001000100020002", "depth": 4, "numchild": 0, "translation_key": "42324b79-ae1a-4397-b630-258db5a3a718", "locale": 1, "latest_revision": 12, "live": true, "has_unpublished_changes": false, "first_published_at": "2024-08-01T17:07:21.126Z", "last_published_at": "2024-08-01T17:07:21.126Z", "live_revision": 12, "go_live_at": null, "expire_at": null, "expired": false, "locked": false, "locked_at": null, "locked_by": null, "title": "Archie Motley Archival Internship Program", "draft_title": "Archie Motley Archival Internship Program", "slug": "archie-motley-archival-internship-program", "content_type": 44, "url_path": "/home/programs/archie-motley-archival-internship-program/", "owner": 1, "seo_title": "", "show_in_menus": false, "search_description": "", "latest_revision_created_at": "2024-08-01T17:07:21.058Z", "alias_of": null}}, {"model": "wagtailcore.page", "pk": 14, "fields": {"path": "0001000100020003", "depth": 4, "numchild": 0, "translation_key": "28dfdb48-df85-4d68-a356-71efe46b7a76", "locale": 1, "latest_revision": 13, "live": true, "has_unpublished_changes": false, "first_published_at": "2024-08-01T17:08:02.359Z", "last_published_at": "2024-08-01T17:08:02.359Z", "live_revision": 13, "go_live_at": null, "expire_at": null, "expired": false, "locked": false, "locked_at": null, "locked_by": null, "title": "Color Curtain Processing Project", "draft_title": "Color Curtain Processing Project", "slug": "color-curtain-processing-project", "content_type": 44, "url_path": "/home/programs/color-curtain-processing-project/", "owner": 1, "seo_title": "", "show_in_menus": false, "search_description": "", "latest_revision_created_at": "2024-08-01T17:08:02.304Z", "alias_of": null}}, {"model": "wagtailcore.page", "pk": 15, "fields": {"path": "0001000100020004", "depth": 4, "numchild": 0, "translation_key": "20687646-f3cf-4515-9bf5-b8c7ecda1579", "locale": 1, "latest_revision": 14, "live": true, "has_unpublished_changes": false, "first_published_at": "2024-08-01T17:08:39.265Z", "last_published_at": "2024-08-01T17:08:39.265Z", "live_revision": 14, "go_live_at": null, "expire_at": null, "expired": false, "locked": false, "locked_at": null, "locked_by": null, "title": "Survey Initiative", "draft_title": "Survey Initiative", "slug": "survey-initiative", "content_type": 44, "url_path": "/home/programs/survey-initiative/", "owner": 1, "seo_title": "", "show_in_menus": false, "search_description": "", "latest_revision_created_at": "2024-08-01T17:08:39.177Z", "alias_of": null}}, {"model": "wagtailcore.page", "pk": 16, "fields": {"path": "0001000100030001", "depth": 4, "numchild": 0, "translation_key": "53114ac5-9c4b-45f3-ace3-f6f3532d5a03", "locale": 1, "latest_revision": 15, "live": true, "has_unpublished_changes": false, "first_published_at": "2024-08-01T17:10:01.165Z", "last_published_at": "2024-08-01T17:10:01.165Z", "live_revision": 15, "go_live_at": null, "expire_at": null, "expired": false, "locked": false, "locked_at": null, "locked_by": null, "title": "Membership Information", "draft_title": "Membership Information", "slug": "membership-information", "content_type": 44, "url_path": "/home/about/membership-information/", "owner": 1, "seo_title": "", "show_in_menus": false, "search_description": "", "latest_revision_created_at": "2024-08-01T17:10:01.108Z", "alias_of": null}}, {"model": "wagtailcore.page", "pk": 17, "fields": {"path": "0001000100030002", "depth": 4, "numchild": 0, "translation_key": "2ff3c90f-ae73-4e87-af1b-ebda333d3410", "locale": 1, "latest_revision": 17, "live": true, "has_unpublished_changes": false, "first_published_at": "2024-08-01T17:10:37.939Z", "last_published_at": "2024-08-01T17:11:04.651Z", "live_revision": 17, "go_live_at": null, "expire_at": null, "expired": false, "locked": false, "locked_at": null, "locked_by": null, "title": "Current Members", "draft_title": "Current Members", "slug": "membership", "content_type": 44, "url_path": "/home/about/membership/", "owner": 1, "seo_title": "", "show_in_menus": false, "search_description": "", "latest_revision_created_at": "2024-08-01T17:11:04.497Z", "alias_of": null}}, {"model": "wagtailcore.page", "pk": 18, "fields": {"path": "0001000100030003", "depth": 4, "numchild": 0, "translation_key": "08c93e61-f6b1-44a8-a13b-e13ea78542e2", "locale": 1, "latest_revision": 18, "live": true, "has_unpublished_changes": false, "first_published_at": "2024-08-01T17:11:40.938Z", "last_published_at": "2024-08-01T17:11:40.938Z", "live_revision": 18, "go_live_at": null, "expire_at": null, "expired": false, "locked": false, "locked_at": null, "locked_by": null, "title": "Partnerships", "draft_title": "Partnerships", "slug": "partnerships", "content_type": 44, "url_path": "/home/about/partnerships/", "owner": 1, "seo_title": "", "show_in_menus": false, "search_description": "", "latest_revision_created_at": "2024-08-01T17:11:40.834Z", "alias_of": null}}, {"model": "wagtailcore.page", "pk": 19, "fields": {"path": "0001000100030004", "depth": 4, "numchild": 0, "translation_key": "d84faac3-f69b-4d8d-a80d-b48a60565beb", "locale": 1, "latest_revision": 19, "live": true, "has_unpublished_changes": false, "first_published_at": "2024-08-01T17:12:49.604Z", "last_published_at": "2024-08-01T17:12:49.604Z", "live_revision": 19, "go_live_at": null, "expire_at": null, "expired": false, "locked": false, "locked_at": null, "locked_by": null, "title": "Board & Committees", "draft_title": "Board & Committees", "slug": "board-committees", "content_type": 44, "url_path": "/home/about/board-committees/", "owner": 1, "seo_title": "", "show_in_menus": false, "search_description": "", "latest_revision_created_at": "2024-08-01T17:12:49.513Z", "alias_of": null}}, {"model": "wagtailcore.page", "pk": 20, "fields": {"path": "0001000100030005", "depth": 4, "numchild": 0, "translation_key": "931b9e8b-492a-41d2-8e7a-c5a161a78d14", "locale": 1, "latest_revision": 20, "live": true, "has_unpublished_changes": false, "first_published_at": "2024-08-01T17:13:49.608Z", "last_published_at": "2024-08-01T17:13:49.608Z", "live_revision": 20, "go_live_at": null, "expire_at": null, "expired": false, "locked": false, "locked_at": null, "locked_by": null, "title": "Staff", "draft_title": "Staff", "slug": "staff", "content_type": 44, "url_path": "/home/about/staff/", "owner": 1, "seo_title": "", "show_in_menus": false, "search_description": "", "latest_revision_created_at": "2024-08-01T17:13:49.507Z", "alias_of": null}}, {"model": "wagtailcore.page", "pk": 21, "fields": {"path": "0001000100040001", "depth": 4, "numchild": 0, "translation_key": "c4f79bb0-66ef-4db4-806f-eca3b18fc448", "locale": 1, "latest_revision": 21, "live": true, "has_unpublished_changes": false, "first_published_at": "2024-08-01T17:15:30.177Z", "last_published_at": "2024-08-01T17:15:30.177Z", "live_revision": 21, "go_live_at": null, "expire_at": null, "expired": false, "locked": false, "locked_at": null, "locked_by": null, "title": "Archives Awareness", "draft_title": "Archives Awareness", "slug": "archives-awareness", "content_type": 44, "url_path": "/home/resources/archives-awareness/", "owner": 1, "seo_title": "", "show_in_menus": false, "search_description": "", "latest_revision_created_at": "2024-08-01T17:15:30.041Z", "alias_of": null}}, {"model": "wagtailcore.page", "pk": 22, "fields": {"path": "0001000100040002", "depth": 4, "numchild": 0, "translation_key": "dda6a036-28e5-408f-a9a3-d621716dfdd9", "locale": 1, "latest_revision": 23, "live": true, "has_unpublished_changes": false, "first_published_at": "2024-08-01T17:16:19.635Z", "last_published_at": "2024-08-01T17:16:46.236Z", "live_revision": 23, "go_live_at": null, "expire_at": null, "expired": false, "locked": false, "locked_at": null, "locked_by": null, "title": "Legacy Management Resource Portal", "draft_title": "Legacy Management Resource Portal", "slug": "legacy-management-resources-portal", "content_type": 44, "url_path": "/home/resources/legacy-management-resources-portal/", "owner": 1, "seo_title": "", "show_in_menus": false, "search_description": "", "latest_revision_created_at": "2024-08-01T17:16:46.146Z", "alias_of": null}}, {"model": "wagtailcore.page", "pk": 23, "fields": {"path": "0001000100040003", "depth": 4, "numchild": 0, "translation_key": "fb623db8-8c5a-4016-8e39-53ee7d008f85", "locale": 1, "latest_revision": 25, "live": true, "has_unpublished_changes": false, "first_published_at": "2024-08-01T17:17:30.222Z", "last_published_at": "2024-08-01T17:17:49.499Z", "live_revision": 25, "go_live_at": null, "expire_at": null, "expired": false, "locked": false, "locked_at": null, "locked_by": null, "title": "Protest in the Archives", "draft_title": "Protest in the Archives", "slug": "protest-archives", "content_type": 44, "url_path": "/home/resources/protest-archives/", "owner": 1, "seo_title": "", "show_in_menus": false, "search_description": "", "latest_revision_created_at": "2024-08-01T17:17:49.410Z", "alias_of": null}}, {"model": "wagtailcore.page", "pk": 24, "fields": {"path": "0001000100040004", "depth": 4, "numchild": 0, "translation_key": "08bac0d7-eeb9-47e6-b05b-29f4ffda21ce", "locale": 1, "latest_revision": 26, "live": true, "has_unpublished_changes": false, "first_published_at": "2024-08-01T17:18:22.159Z", "last_published_at": "2024-08-01T17:18:22.159Z", "live_revision": 26, "go_live_at": null, "expire_at": null, "expired": false, "locked": false, "locked_at": null, "locked_by": null, "title": "Workshops", "draft_title": "Workshops", "slug": "workshops", "content_type": 44, "url_path": "/home/resources/workshops/", "owner": 1, "seo_title": "", "show_in_menus": false, "search_description": "", "latest_revision_created_at": "2024-08-01T17:18:22.059Z", "alias_of": null}}, {"model": "wagtailcore.page", "pk": 25, "fields": {"path": "0001000100040005", "depth": 4, "numchild": 0, "translation_key": "e472a27c-95cc-4d5b-ae3f-12e5119b4c56", "locale": 1, "latest_revision": 27, "live": true, "has_unpublished_changes": false, "first_published_at": "2024-08-01T17:19:16.392Z", "last_published_at": "2024-08-01T17:19:16.392Z", "live_revision": 27, "go_live_at": null, "expire_at": null, "expired": false, "locked": false, "locked_at": null, "locked_by": null, "title": "Jobs", "draft_title": "Jobs", "slug": "jobs", "content_type": 44, "url_path": "/home/resources/jobs/", "owner": 1, "seo_title": "", "show_in_menus": false, "search_description": "", "latest_revision_created_at": "2024-08-01T17:19:16.247Z", "alias_of": null}}, {"model": "wagtailcore.revision", "pk": 1, "fields": {"content_type": 3, "base_content_type": 1, "object_id": "3", "created_at": "2024-08-01T14:21:06.276Z", "user": 1, "object_str": "Home", "content": {"pk": 3, "body": "[{\"type\": \"richtext\", \"value\": \"<p data-block-key=\\\"i0vu7\\\">This site is using a dev version of the database with mock content. It does not mirror the production site. If you want to add a page, user or other content to the database, just make the changes in Wagtail and export fixtures from your Vagrant shell:</p><p data-block-key=\\\"d9dop\\\"></p><p data-block-key=\\\"8kuql\\\"><b>./manage.py dumpdata &gt; home/fixtures/dev.json</b></p><p data-block-key=\\\"4gf89\\\"></p><p data-block-key=\\\"2f38c\\\">Any changes you&#x27;ve made will be preserved in the dev database.</p>\", \"id\": \"ce648d1f-bccc-4ca3-93cf-9247ff79d7dd\"}]", "live": true, "path": "00010001", "slug": "home", "depth": 2, "owner": null, "title": "Home", "locale": 1, "locked": false, "expired": false, "alias_of": null, "numchild": 0, "url_path": "/home/", "expire_at": null, "locked_at": null, "locked_by": null, "seo_title": "", "go_live_at": null, "draft_title": "Home", "content_type": 3, "live_revision": null, "show_in_menus": false, "carousel_images": [], "latest_revision": null, "translation_key": "2581695a-f86a-42c7-8089-d71e9e989479", "last_published_at": null, "first_published_at": null, "search_description": "", "wagtail_admin_comments": [], "has_unpublished_changes": false, "latest_revision_created_at": null}, "approved_go_live_at": null}}, {"model": "wagtailcore.revision", "pk": 2, "fields": {"content_type": 46, "base_content_type": 1, "object_id": "4", "created_at": "2024-08-01T14:24:51.488Z", "user": 1, "object_str": "News", "content": {"pk": 4, "live": true, "path": "000100010001", "slug": "news", "depth": 3, "owner": 1, "title": "News", "locale": 1, "locked": false, "expired": false, "alias_of": null, "numchild": 0, "url_path": "/home/news/", "expire_at": null, "locked_at": null, "locked_by": null, "seo_title": "", "go_live_at": null, "draft_title": "News", "content_type": 46, "news_sidebar": [], "live_revision": null, "show_in_menus": false, "latest_revision": null, "translation_key": "0ec121f7-9e95-4ba4-b9b9-c5d5a7df335b", "last_published_at": null, "first_published_at": null, "search_description": "", "wagtail_admin_comments": [], "has_unpublished_changes": false, "latest_revision_created_at": null}, "approved_go_live_at": null}}, {"model": "wagtailcore.revision", "pk": 3, "fields": {"content_type": 47, "base_content_type": 1, "object_id": "5", "created_at": "2024-08-01T14:25:37.143Z", "user": 1, "object_str": "Materialized Out of Patterns", "content": {"pk": 5, "body": "[{\"type\": \"richtext\", \"value\": \"<p data-block-key=\\\"fr67o\\\">Deflector power at maximum. Energy discharge in six seconds. Warp reactor core primary coolant failure. Fluctuate phaser resonance frequencies. Resistance is futile.</p>\", \"id\": \"fd9c8712-def3-4a71-b6e2-1d57f92d5334\"}]", "live": true, "path": "0001000100010001", "slug": "materialized-out-of-patterns", "depth": 4, "owner": 1, "title": "Materialized Out of Patterns", "locale": 1, "locked": false, "excerpt": "Deflector power at maximum. Energy discharge in six seconds. Warp reactor core primary coolant failure. Fluctuate phaser resonance frequencies. Resistance is futile.", "expired": false, "alias_of": null, "numchild": 0, "url_path": "/home/news/materialized-out-of-patterns/", "expire_at": null, "locked_at": null, "locked_by": null, "seo_title": "", "go_live_at": null, "lead_image": null, "story_date": "2024-08-01", "draft_title": "Materialized Out of Patterns", "content_type": 47, "live_revision": null, "show_in_menus": false, "latest_revision": null, "translation_key": "5bf78397-7265-4bfe-bb29-8008f9f5368c", "last_published_at": null, "first_published_at": null, "search_description": "", "wagtail_admin_comments": [], "has_unpublished_changes": false, "latest_revision_created_at": null}, "approved_go_live_at": null}}, {"model": "wagtailcore.revision", "pk": 4, "fields": {"content_type": 3, "base_content_type": 1, "object_id": "3", "created_at": "2024-08-01T14:42:05.461Z", "user": 1, "object_str": "Home", "content": {"pk": 3, "body": "[{\"type\": \"richtext\", \"value\": \"<p data-block-key=\\\"i0vu7\\\">This site is using a dev version of the database with mock content. It does not mirror the production site. If you want to add a page, user or other content to the database, just make the changes in Wagtail and export fixtures from your Vagrant shell:</p>\", \"id\": \"ce648d1f-bccc-4ca3-93cf-9247ff79d7dd\"}, {\"type\": \"new_row\", \"value\": {}, \"id\": \"2c6f059f-e50b-4501-842e-58535ad4981c\"}, {\"type\": \"richtext\", \"value\": \"<p data-block-key=\\\"qk7h4\\\"><b>./manage.py dumpdata &gt; home/fixtures/dev.json</b></p>\", \"id\": \"64761a97-4ceb-43f4-8e19-b386d416d5c4\"}, {\"type\": \"new_row\", \"value\": {}, \"id\": \"c9cc9d1f-3bd1-498f-9b86-8db95d69981b\"}, {\"type\": \"richtext\", \"value\": \"<p data-block-key=\\\"qk7h4\\\"></p><p data-block-key=\\\"284i7\\\">Any changes you&#x27;ve made will be preserved in the dev database.</p>\", \"id\": \"c23e98c3-8b72-4f27-bfe8-74888a3099f1\"}]", "live": true, "path": "00010001", "slug": "home", "depth": 2, "owner": null, "title": "Home", "locale": 1, "locked": false, "expired": false, "alias_of": null, "numchild": 1, "url_path": "/home/", "expire_at": null, "locked_at": null, "locked_by": null, "seo_title": "", "go_live_at": null, "draft_title": "Home", "content_type": 3, "live_revision": 1, "show_in_menus": false, "carousel_images": [], "latest_revision": 1, "translation_key": "2581695a-f86a-42c7-8089-d71e9e989479", "last_published_at": "2024-08-01T14:21:06.345Z", "first_published_at": "2024-08-01T14:21:06.345Z", "search_description": "", "wagtail_admin_comments": [], "has_unpublished_changes": false, "latest_revision_created_at": "2024-08-01T14:21:06.276Z"}, "approved_go_live_at": null}}, {"model": "wagtailcore.revision", "pk": 5, "fields": {"content_type": 44, "base_content_type": 1, "object_id": "6", "created_at": "2024-08-01T16:54:41.210Z", "user": 1, "object_str": "Programs", "content": {"pk": 6, "body": "[{\"type\": \"richtext\", \"value\": \"<p data-block-key=\\\"0qbku\\\">Unidentified vessel travelling at sub warp speed, bearing 235.7. Fluctuations in energy readings from it, Captain. All transporters off. A strange set-up, but I&#x27;d say the graviton generator is depolarized. The dark colourings of the scrapes are the leavings of natural rubber, a type of non-conductive sole used by researchers experimenting with electricity. The molecules must have been partly de-phased by the anyon beam.</p><p data-block-key=\\\"eg6h9\\\"></p>\", \"id\": \"92590588-018e-4faa-88e4-9c082b881ba7\"}]", "live": true, "path": "000100010002", "slug": "programs", "depth": 3, "owner": 1, "title": "Programs", "locale": 1, "locked": false, "expired": false, "sidebar": [], "alias_of": null, "numchild": 0, "url_path": "/home/programs/", "expire_at": null, "locked_at": null, "locked_by": null, "seo_title": "", "go_live_at": null, "draft_title": "Programs", "content_type": 44, "live_revision": null, "show_in_menus": false, "latest_revision": null, "translation_key": "716a6c42-7565-42bc-b66a-11ca84f570a8", "last_published_at": null, "first_published_at": null, "search_description": "", "wagtail_admin_comments": [], "has_unpublished_changes": false, "latest_revision_created_at": null}, "approved_go_live_at": null}}, {"model": "wagtailcore.revision", "pk": 6, "fields": {"content_type": 44, "base_content_type": 1, "object_id": "7", "created_at": "2024-08-01T16:55:17.253Z", "user": 1, "object_str": "About", "content": {"pk": 7, "body": "[{\"type\": \"richtext\", \"value\": \"<p data-block-key=\\\"feqb0\\\">Shields up. I recommend we transfer power to phasers and arm the photon torpedoes. Something strange on the detector circuit. The weapons must have disrupted our communicators. You saw something as tasty as meat, but inorganically materialized out of patterns used by our transporters. Captain, the most elementary and valuable statement in science, the beginning of wisdom, is &#x27;I do not know.&#x27; All transporters off.</p><p data-block-key=\\\"72cf6\\\"></p><p data-block-key=\\\"al6os\\\">It indicates a synchronic distortion in the areas emanating triolic waves. The cerebellum, the cerebral cortex, the brain stem,  the entire nervous system has been depleted of electrochemical energy. Any device like that would produce high levels of triolic waves. These walls have undergone some kind of selective molecular polarization. I haven&#x27;t determined if our phaser energy can generate a stable field. We could alter the photons with phase discriminators.</p><p data-block-key=\\\"eappg\\\"></p><p data-block-key=\\\"596li\\\">We&#x27;re acquainted with the wormhole phenomenon, but this... Is a remarkable piece of bio-electronic engineering by which I see much of the EM spectrum ranging from heat and infrared through radio waves, et cetera, and forgive me if I&#x27;ve said and listened to this a thousand times. This planet&#x27;s interior heat provides an abundance of geothermal energy. We need to neutralize the homing signal.</p><p data-block-key=\\\"e9ut6\\\"></p><p data-block-key=\\\"dbrdo\\\"></p>\", \"id\": \"588dc3ac-086f-49a7-a77d-f38ef27f7eca\"}]", "live": true, "path": "000100010003", "slug": "about", "depth": 3, "owner": 1, "title": "About", "locale": 1, "locked": false, "expired": false, "sidebar": [], "alias_of": null, "numchild": 0, "url_path": "/home/about/", "expire_at": null, "locked_at": null, "locked_by": null, "seo_title": "", "go_live_at": null, "draft_title": "About", "content_type": 44, "live_revision": null, "show_in_menus": false, "latest_revision": null, "translation_key": "9eb600ae-e98c-454a-aedc-81f6814d739f", "last_published_at": null, "first_published_at": null, "search_description": "", "wagtail_admin_comments": [], "has_unpublished_changes": false, "latest_revision_created_at": null}, "approved_go_live_at": null}}, {"model": "wagtailcore.revision", "pk": 7, "fields": {"content_type": 44, "base_content_type": 1, "object_id": "8", "created_at": "2024-08-01T16:56:09.454Z", "user": 1, "object_str": "Resources", "content": {"pk": 8, "body": "[{\"type\": \"richtext\", \"value\": \"<p data-block-key=\\\"i6rra\\\">I have reset the sensors to scan for frequencies outside the usual range. By emitting harmonic vibrations to shatter the lattices. We will monitor and adjust the frequency of the resonators. He has this ability of instantly interpreting and extrapolating any verbal communication he hears. It may be due to the envelope over the structure, causing hydrogen-carbon helix patterns throughout. I&#x27;m comparing the molecular integrity of that bubble against our phasers.</p><p data-block-key=\\\"3jldu\\\"></p><p data-block-key=\\\"77rtk\\\">Now what are the possibilities of warp drive? Cmdr Riker&#x27;s nervous system has been invaded by an unknown microorganism. The organisms fuse to the nerve, intertwining at the molecular level. That&#x27;s why the transporter&#x27;s biofilters couldn&#x27;t extract it. The vertex waves show a K-complex corresponding to an REM state. The engineering section&#x27;s critical. Destruction is imminent. Their robes contain ultritium, highly explosive, virtually undetectable by your transporter.</p><p data-block-key=\\\"ajl85\\\"></p><p data-block-key=\\\"4qh1t\\\">Exceeding reaction chamber thermal limit. We have begun power-supply calibration. Force fields have been established on all turbo lifts and crawlways. Computer, run a level-two diagnostic on warp-drive systems. Antimatter containment positive. Warp drive within normal parameters. I read an ion trail characteristic of a freighter escape pod. The bomb had a molecular-decay detonator. Detecting some unusual fluctuations in subspace frequencies.</p><p data-block-key=\\\"681ck\\\"></p><p data-block-key=\\\"7p2u\\\"></p>\", \"id\": \"ab79628c-32d3-43b3-a919-1170b663c7ff\"}]", "live": true, "path": "000100010004", "slug": "resources", "depth": 3, "owner": 1, "title": "Resources", "locale": 1, "locked": false, "expired": false, "sidebar": [], "alias_of": null, "numchild": 0, "url_path": "/home/resources/", "expire_at": null, "locked_at": null, "locked_by": null, "seo_title": "", "go_live_at": null, "draft_title": "Resources", "content_type": 44, "live_revision": null, "show_in_menus": false, "latest_revision": null, "translation_key": "4483f68f-fc47-4783-bd00-89f9eb0a4009", "last_published_at": null, "first_published_at": null, "search_description": "", "wagtail_admin_comments": [], "has_unpublished_changes": false, "latest_revision_created_at": null}, "approved_go_live_at": null}}, {"model": "wagtailcore.revision", "pk": 8, "fields": {"content_type": 44, "base_content_type": 1, "object_id": "9", "created_at": "2024-08-01T16:57:26.411Z", "user": 1, "object_str": "Contact", "content": {"pk": 9, "body": "[{\"type\": \"richtext\", \"value\": \"<p data-block-key=\\\"5rp53\\\">It indicates a synchronic distortion in the areas emanating triolic waves. The cerebellum, the cerebral cortex, the brain stem,  the entire nervous system has been depleted of electrochemical energy. Any device like that would produce high levels of triolic waves. These walls have undergone some kind of selective molecular polarization. I haven&#x27;t determined if our phaser energy can generate a stable field. We could alter the photons with phase discriminators.</p><p data-block-key=\\\"alkis\\\"></p>\", \"id\": \"03b20623-98c1-4b49-bace-a9f47aca3eca\"}]", "live": true, "path": "000100010005", "slug": "contact", "depth": 3, "owner": 1, "title": "Contact", "locale": 1, "locked": false, "expired": false, "sidebar": [], "alias_of": null, "numchild": 0, "url_path": "/home/contact/", "expire_at": null, "locked_at": null, "locked_by": null, "seo_title": "", "go_live_at": null, "draft_title": "Contact", "content_type": 44, "live_revision": null, "show_in_menus": false, "latest_revision": null, "translation_key": "a718d69f-e3a2-4e47-a636-ea28707b67d2", "last_published_at": null, "first_published_at": null, "search_description": "", "wagtail_admin_comments": [], "has_unpublished_changes": false, "latest_revision_created_at": null}, "approved_go_live_at": null}}, {"model": "wagtailcore.revision", "pk": 9, "fields": {"content_type": 47, "base_content_type": 1, "object_id": "10", "created_at": "2024-08-01T16:58:36.453Z", "user": 1, "object_str": "Support BMRC", "content": {"pk": 10, "body": "[{\"type\": \"richtext\", \"value\": \"<p data-block-key=\\\"u987b\\\">We&#x27;re acquainted with the wormhole phenomenon, but this... Is a remarkable piece of bio-electronic engineering by which I see much of the EM spectrum ranging from heat and infrared through radio waves, et cetera, and forgive me if I&#x27;ve said and listened to this a thousand times. This planet&#x27;s interior heat provides an abundance of geothermal energy. We need to neutralize the homing signal.</p><p data-block-key=\\\"jm2n\\\"></p><p data-block-key=\\\"2jinb\\\">It indicates a synchronic distortion in the areas emanating triolic waves. The cerebellum, the cerebral cortex, the brain stem,  the entire nervous system has been depleted of electrochemical energy. Any device like that would produce high levels of triolic waves. These walls have undergone some kind of selective molecular polarization. I haven&#x27;t determined if our phaser energy can generate a stable field. We could alter the photons with phase discriminators.</p><p data-block-key=\\\"73vjl\\\"></p><p data-block-key=\\\"a5vgk\\\">Shields up. I recommend we transfer power to phasers and arm the photon torpedoes. Something strange on the detector circuit. The weapons must have disrupted our communicators. You saw something as tasty as meat, but inorganically materialized out of patterns used by our transporters. Captain, the most elementary and valuable statement in science, the beginning of wisdom, is &#x27;I do not know.&#x27; All transporters off.</p><p data-block-key=\\\"a80ed\\\"></p><p data-block-key=\\\"6g9jk\\\">Sensors indicate human life forms 30 meters below the planet&#x27;s surface. Stellar flares are increasing in magnitude and frequency. Set course for Rhomboid Dronegar 006, warp seven. There&#x27;s no evidence of an advanced communication network. Total guidance system failure, with less than 24 hours&#x27; reserve power. Shield effectiveness has been reduced 12 percent. We have covered the area in a spherical pattern which a ship without warp drive could cross in the given time.</p><p data-block-key=\\\"4eqq3\\\"></p><p data-block-key=\\\"e2q57\\\">Sensors indicate no shuttle or other ships in this sector. According to coordinates, we have travelled 7,000 light years and are located near the system J-25. Tractor beam released, sir. Force field maintaining our hull integrity. Damage report? Sections 27, 28 and 29 on decks four, five and six destroyed. Without our shields, at this range it is probable a photon detonation could destroy the Enterprise.</p><p data-block-key=\\\"47imp\\\"></p><p data-block-key=\\\"4rnmt\\\"></p>\", \"id\": \"f634cc3f-c19f-4bd9-8e6b-3b28efdb9624\"}]", "live": true, "path": "0001000100010002", "slug": "support-bmrc", "depth": 4, "owner": 1, "title": "Support BMRC", "locale": 1, "locked": false, "excerpt": "We're acquainted with the wormhole phenomenon, but this... Is a remarkable piece of bio-electronic engineering by which I see much of the EM spectrum ranging from heat and infrared through radio waves, et cetera, and forgive me if I've said and listened to this a thousand times.", "expired": false, "alias_of": null, "numchild": 0, "url_path": "/home/news/support-bmrc/", "expire_at": null, "locked_at": null, "locked_by": null, "seo_title": "", "go_live_at": null, "lead_image": null, "story_date": "2024-08-01", "draft_title": "Support BMRC", "content_type": 47, "live_revision": null, "show_in_menus": false, "latest_revision": null, "translation_key": "46bad65e-cb76-42c6-8820-c64ac13f09b9", "last_published_at": null, "first_published_at": null, "search_description": "", "wagtail_admin_comments": [], "has_unpublished_changes": false, "latest_revision_created_at": null}, "approved_go_live_at": null}}, {"model": "wagtailcore.revision", "pk": 10, "fields": {"content_type": 36, "base_content_type": 1, "object_id": "11", "created_at": "2024-08-01T17:00:45.608Z", "user": 1, "object_str": "Portal", "content": {"pk": 11, "live": true, "path": "000100010006", "slug": "portal", "depth": 3, "owner": 1, "title": "Portal", "locale": 1, "locked": false, "expired": false, "alias_of": null, "numchild": 0, "url_path": "/home/portal/", "expire_at": null, "locked_at": null, "locked_by": null, "seo_title": "", "go_live_at": null, "draft_title": "Portal", "content_type": 36, "introduction": "<p data-block-key=\"vmtxr\">Run a manual sweep of anomalous airborne or electromagnetic readings. Radiation levels in our atmosphere have increased by 3,000 percent. Electromagnetic and subspace wave fronts approaching synchronization. What is the strength of the ship&#x27;s deflector shields at maximum output? The wormhole&#x27;s size and short period would make this a local phenomenon. Do you have sufficient data to compile a holographic simulation?</p><p data-block-key=\"anht6\"></p><p data-block-key=\"9hnvr\"></p>", "live_revision": null, "show_in_menus": false, "about_the_bmrc": "<p data-block-key=\"w215r\">Shields up. I recommend we transfer power to phasers and arm the photon torpedoes. Something strange on the detector circuit. The weapons must have disrupted our communicators. You saw something as tasty as meat, but inorganically materialized out of patterns used by our transporters. Captain, the most elementary and valuable statement in science, the beginning of wisdom, is &#x27;I do not know.&#x27; All transporters off.</p>", "latest_revision": null, "translation_key": "fecc1a33-0ff4-4a52-b348-e3b781921508", "featured_exhibit": null, "last_published_at": null, "first_published_at": null, "search_description": "", "wagtail_admin_comments": [], "has_unpublished_changes": false, "latest_revision_created_at": null}, "approved_go_live_at": null}}, {"model": "wagtailcore.revision", "pk": 11, "fields": {"content_type": 44, "base_content_type": 1, "object_id": "12", "created_at": "2024-08-01T17:06:22.243Z", "user": 1, "object_str": "Summer Short-Term Fellowship", "content": {"pk": 12, "body": "[{\"type\": \"richtext\", \"value\": \"<p data-block-key=\\\"4yq9l\\\">Communication is not possible. The shuttle has no power. Using the gravitational pull of a star to slingshot back in time? We are going to Starbase Montgomery for Engineering consultations prompted by minor read-out anomalies. Probes have recorded unusual levels of geological activity in all five planetary systems. Assemble a team. Look at records of the Drema quadrant. Would these scans detect artificial transmissions as well as natural signals?</p><p data-block-key=\\\"9el7p\\\"></p><p data-block-key=\\\"89lv\\\">Sensors indicate no shuttle or other ships in this sector. According to coordinates, we have travelled 7,000 light years and are located near the system J-25. Tractor beam released, sir. Force field maintaining our hull integrity. Damage report? Sections 27, 28 and 29 on decks four, five and six destroyed. Without our shields, at this range it is probable a photon detonation could destroy the Enterprise.</p><p data-block-key=\\\"ffpn5\\\"></p><p data-block-key=\\\"c6n6t\\\">Now what are the possibilities of warp drive? Cmdr Riker&#x27;s nervous system has been invaded by an unknown microorganism. The organisms fuse to the nerve, intertwining at the molecular level. That&#x27;s why the transporter&#x27;s biofilters couldn&#x27;t extract it. The vertex waves show a K-complex corresponding to an REM state. The engineering section&#x27;s critical. Destruction is imminent. Their robes contain ultritium, highly explosive, virtually undetectable by your transporter.</p><p data-block-key=\\\"dmr0t\\\"></p><p data-block-key=\\\"be3j2\\\">Run a manual sweep of anomalous airborne or electromagnetic readings. Radiation levels in our atmosphere have increased by 3,000 percent. Electromagnetic and subspace wave fronts approaching synchronization. What is the strength of the ship&#x27;s deflector shields at maximum output? The wormhole&#x27;s size and short period would make this a local phenomenon. Do you have sufficient data to compile a holographic simulation?</p><p data-block-key=\\\"78mae\\\"></p><p data-block-key=\\\"3ojj5\\\"></p>\", \"id\": \"24f410bb-b818-4001-aa6a-8c45c55e4b96\"}]", "live": true, "path": "0001000100020001", "slug": "summer-short-term-fellowship", "depth": 4, "owner": 1, "title": "Summer Short-Term Fellowship", "locale": 1, "locked": false, "expired": false, "sidebar": [], "alias_of": null, "numchild": 0, "url_path": "/home/programs/summer-short-term-fellowship/", "expire_at": null, "locked_at": null, "locked_by": null, "seo_title": "", "go_live_at": null, "draft_title": "Summer Short-Term Fellowship", "content_type": 44, "live_revision": null, "show_in_menus": false, "latest_revision": null, "translation_key": "e85a08aa-3a19-4da3-adfc-81425ba4efd1", "last_published_at": null, "first_published_at": null, "search_description": "", "wagtail_admin_comments": [], "has_unpublished_changes": false, "latest_revision_created_at": null}, "approved_go_live_at": null}}, {"model": "wagtailcore.revision", "pk": 12, "fields": {"content_type": 44, "base_content_type": 1, "object_id": "13", "created_at": "2024-08-01T17:07:21.058Z", "user": 1, "object_str": "Archie Motley Archival Internship Program", "content": {"pk": 13, "body": "[{\"type\": \"richtext\", \"value\": \"<p data-block-key=\\\"y0wv7\\\">Unidentified vessel travelling at sub warp speed, bearing 235.7. Fluctuations in energy readings from it, Captain. All transporters off. A strange set-up, but I&#x27;d say the graviton generator is depolarized. The dark colourings of the scrapes are the leavings of natural rubber, a type of non-conductive sole used by researchers experimenting with electricity. The molecules must have been partly de-phased by the anyon beam.</p><p data-block-key=\\\"7l85u\\\"></p><p data-block-key=\\\"10hj0\\\"></p>\", \"id\": \"cab3ca6e-c076-442d-8c40-2ec9052da6e8\"}]", "live": true, "path": "0001000100020002", "slug": "archie-motley-archival-internship-program", "depth": 4, "owner": 1, "title": "Archie Motley Archival Internship Program", "locale": 1, "locked": false, "expired": false, "sidebar": [], "alias_of": null, "numchild": 0, "url_path": "/home/programs/archie-motley-archival-internship-program/", "expire_at": null, "locked_at": null, "locked_by": null, "seo_title": "", "go_live_at": null, "draft_title": "Archie Motley Archival Internship Program", "content_type": 44, "live_revision": null, "show_in_menus": false, "latest_revision": null, "translation_key": "42324b79-ae1a-4397-b630-258db5a3a718", "last_published_at": null, "first_published_at": null, "search_description": "", "wagtail_admin_comments": [], "has_unpublished_changes": false, "latest_revision_created_at": null}, "approved_go_live_at": null}}, {"model": "wagtailcore.revision", "pk": 13, "fields": {"content_type": 44, "base_content_type": 1, "object_id": "14", "created_at": "2024-08-01T17:08:02.304Z", "user": 1, "object_str": "Color Curtain Processing Project", "content": {"pk": 14, "body": "[{\"type\": \"richtext\", \"value\": \"<p data-block-key=\\\"1k0om\\\">We&#x27;re acquainted with the wormhole phenomenon, but this... Is a remarkable piece of bio-electronic engineering by which I see much of the EM spectrum ranging from heat and infrared through radio waves, et cetera, and forgive me if I&#x27;ve said and listened to this a thousand times. This planet&#x27;s interior heat provides an abundance of geothermal energy. We need to neutralize the homing signal.</p><p data-block-key=\\\"dqq2o\\\"></p><p data-block-key=\\\"5c4d4\\\">Sensors indicate no shuttle or other ships in this sector. According to coordinates, we have travelled 7,000 light years and are located near the system J-25. Tractor beam released, sir. Force field maintaining our hull integrity. Damage report? Sections 27, 28 and 29 on decks four, five and six destroyed. Without our shields, at this range it is probable a photon detonation could destroy the Enterprise.</p><p data-block-key=\\\"ea4dn\\\"></p><p data-block-key=\\\"80nrr\\\"></p>\", \"id\": \"827badc5-9687-4903-873b-cbdd0ca1d00a\"}]", "live": true, "path": "0001000100020003", "slug": "color-curtain-processing-project", "depth": 4, "owner": 1, "title": "Color Curtain Processing Project", "locale": 1, "locked": false, "expired": false, "sidebar": [], "alias_of": null, "numchild": 0, "url_path": "/home/programs/color-curtain-processing-project/", "expire_at": null, "locked_at": null, "locked_by": null, "seo_title": "", "go_live_at": null, "draft_title": "Color Curtain Processing Project", "content_type": 44, "live_revision": null, "show_in_menus": false, "latest_revision": null, "translation_key": "28dfdb48-df85-4d68-a356-71efe46b7a76", "last_published_at": null, "first_published_at": null, "search_description": "", "wagtail_admin_comments": [], "has_unpublished_changes": false, "latest_revision_created_at": null}, "approved_go_live_at": null}}, {"model": "wagtailcore.revision", "pk": 14, "fields": {"content_type": 44, "base_content_type": 1, "object_id": "15", "created_at": "2024-08-01T17:08:39.177Z", "user": 1, "object_str": "Survey Initiative", "content": {"pk": 15, "body": "[{\"type\": \"richtext\", \"value\": \"<p data-block-key=\\\"z4flh\\\">Unidentified vessel travelling at sub warp speed, bearing 235.7. Fluctuations in energy readings from it, Captain. All transporters off. A strange set-up, but I&#x27;d say the graviton generator is depolarized. The dark colourings of the scrapes are the leavings of natural rubber, a type of non-conductive sole used by researchers experimenting with electricity. The molecules must have been partly de-phased by the anyon beam.</p><p data-block-key=\\\"9oog0\\\"></p><p data-block-key=\\\"eatg6\\\">I have reset the sensors to scan for frequencies outside the usual range. By emitting harmonic vibrations to shatter the lattices. We will monitor and adjust the frequency of the resonators. He has this ability of instantly interpreting and extrapolating any verbal communication he hears. It may be due to the envelope over the structure, causing hydrogen-carbon helix patterns throughout. I&#x27;m comparing the molecular integrity of that bubble against our phasers.</p><p data-block-key=\\\"3hnom\\\"></p><p data-block-key=\\\"d1761\\\">Now what are the possibilities of warp drive? Cmdr Riker&#x27;s nervous system has been invaded by an unknown microorganism. The organisms fuse to the nerve, intertwining at the molecular level. That&#x27;s why the transporter&#x27;s biofilters couldn&#x27;t extract it. The vertex waves show a K-complex corresponding to an REM state. The engineering section&#x27;s critical. Destruction is imminent. Their robes contain ultritium, highly explosive, virtually undetectable by your transporter.</p><p data-block-key=\\\"e2bie\\\"></p><p data-block-key=\\\"ch3f8\\\"></p>\", \"id\": \"d6b0ac04-c16b-4915-bf92-8ab03571661d\"}]", "live": true, "path": "0001000100020004", "slug": "survey-initiative", "depth": 4, "owner": 1, "title": "Survey Initiative", "locale": 1, "locked": false, "expired": false, "sidebar": [], "alias_of": null, "numchild": 0, "url_path": "/home/programs/survey-initiative/", "expire_at": null, "locked_at": null, "locked_by": null, "seo_title": "", "go_live_at": null, "draft_title": "Survey Initiative", "content_type": 44, "live_revision": null, "show_in_menus": false, "latest_revision": null, "translation_key": "20687646-f3cf-4515-9bf5-b8c7ecda1579", "last_published_at": null, "first_published_at": null, "search_description": "", "wagtail_admin_comments": [], "has_unpublished_changes": false, "latest_revision_created_at": null}, "approved_go_live_at": null}}, {"model": "wagtailcore.revision", "pk": 15, "fields": {"content_type": 44, "base_content_type": 1, "object_id": "16", "created_at": "2024-08-01T17:10:01.108Z", "user": 1, "object_str": "Membership Information", "content": {"pk": 16, "body": "[{\"type\": \"richtext\", \"value\": \"<p data-block-key=\\\"8o451\\\">I have reset the sensors to scan for frequencies outside the usual range. By emitting harmonic vibrations to shatter the lattices. We will monitor and adjust the frequency of the resonators. He has this ability of instantly interpreting and extrapolating any verbal communication he hears. It may be due to the envelope over the structure, causing hydrogen-carbon helix patterns throughout. I&#x27;m comparing the molecular integrity of that bubble against our phasers.</p><p data-block-key=\\\"bq3vt\\\"></p><p data-block-key=\\\"8s4k6\\\">Shields up. I recommend we transfer power to phasers and arm the photon torpedoes. Something strange on the detector circuit. The weapons must have disrupted our communicators. You saw something as tasty as meat, but inorganically materialized out of patterns used by our transporters. Captain, the most elementary and valuable statement in science, the beginning of wisdom, is &#x27;I do not know.&#x27; All transporters off.</p><p data-block-key=\\\"kihv\\\"></p><p data-block-key=\\\"3p6t8\\\">Sensors indicate no shuttle or other ships in this sector. According to coordinates, we have travelled 7,000 light years and are located near the system J-25. Tractor beam released, sir. Force field maintaining our hull integrity. Damage report? Sections 27, 28 and 29 on decks four, five and six destroyed. Without our shields, at this range it is probable a photon detonation could destroy the Enterprise.</p><p data-block-key=\\\"etk0f\\\"></p><p data-block-key=\\\"8ls0i\\\">Unidentified vessel travelling at sub warp speed, bearing 235.7. Fluctuations in energy readings from it, Captain. All transporters off. A strange set-up, but I&#x27;d say the graviton generator is depolarized. The dark colourings of the scrapes are the leavings of natural rubber, a type of non-conductive sole used by researchers experimenting with electricity. The molecules must have been partly de-phased by the anyon beam.</p><p data-block-key=\\\"df610\\\"></p><p data-block-key=\\\"c94af\\\">Deflector power at maximum. Energy discharge in six seconds. Warp reactor core primary coolant failure. Fluctuate phaser resonance frequencies. Resistance is futile. Recommend we adjust shield harmonics to the upper EM band when proceeding. These appear to be some kind of power-wave-guide conduits which allow them to work collectively as they perform ship functions. Increase deflector modulation to upper frequency band.</p><p data-block-key=\\\"28g79\\\"></p><p data-block-key=\\\"1rsdv\\\"></p>\", \"id\": \"99ad71c8-4d87-4999-9495-c1153f8705f4\"}]", "live": true, "path": "0001000100030001", "slug": "membership-information", "depth": 4, "owner": 1, "title": "Membership Information", "locale": 1, "locked": false, "expired": false, "sidebar": [], "alias_of": null, "numchild": 0, "url_path": "/home/about/membership-information/", "expire_at": null, "locked_at": null, "locked_by": null, "seo_title": "", "go_live_at": null, "draft_title": "Membership Information", "content_type": 44, "live_revision": null, "show_in_menus": false, "latest_revision": null, "translation_key": "53114ac5-9c4b-45f3-ace3-f6f3532d5a03", "last_published_at": null, "first_published_at": null, "search_description": "", "wagtail_admin_comments": [], "has_unpublished_changes": false, "latest_revision_created_at": null}, "approved_go_live_at": null}}, {"model": "wagtailcore.revision", "pk": 16, "fields": {"content_type": 44, "base_content_type": 1, "object_id": "17", "created_at": "2024-08-01T17:10:37.843Z", "user": 1, "object_str": "Current Members", "content": {"pk": 17, "body": "[{\"type\": \"richtext\", \"value\": \"<p data-block-key=\\\"x5349\\\">Shields up. I recommend we transfer power to phasers and arm the photon torpedoes. Something strange on the detector circuit. The weapons must have disrupted our communicators. You saw something as tasty as meat, but inorganically materialized out of patterns used by our transporters. Captain, the most elementary and valuable statement in science, the beginning of wisdom, is &#x27;I do not know.&#x27; All transporters off.</p><p data-block-key=\\\"85l86\\\"></p><p data-block-key=\\\"ev0s0\\\">Sensors indicate no shuttle or other ships in this sector. According to coordinates, we have travelled 7,000 light years and are located near the system J-25. Tractor beam released, sir. Force field maintaining our hull integrity. Damage report? Sections 27, 28 and 29 on decks four, five and six destroyed. Without our shields, at this range it is probable a photon detonation could destroy the Enterprise.</p><p data-block-key=\\\"4boh2\\\"></p><p data-block-key=\\\"fq1ev\\\">Deflector power at maximum. Energy discharge in six seconds. Warp reactor core primary coolant failure. Fluctuate phaser resonance frequencies. Resistance is futile. Recommend we adjust shield harmonics to the upper EM band when proceeding. These appear to be some kind of power-wave-guide conduits which allow them to work collectively as they perform ship functions. Increase deflector modulation to upper frequency band.</p><p data-block-key=\\\"e63qf\\\"></p>\", \"id\": \"626e76b7-cbed-41ef-993a-89eb8f735b2c\"}]", "live": true, "path": "0001000100030002", "slug": "current-members", "depth": 4, "owner": 1, "title": "Current Members", "locale": 1, "locked": false, "expired": false, "sidebar": [], "alias_of": null, "numchild": 0, "url_path": "/home/about/current-members/", "expire_at": null, "locked_at": null, "locked_by": null, "seo_title": "", "go_live_at": null, "draft_title": "Current Members", "content_type": 44, "live_revision": null, "show_in_menus": false, "latest_revision": null, "translation_key": "2ff3c90f-ae73-4e87-af1b-ebda333d3410", "last_published_at": null, "first_published_at": null, "search_description": "", "wagtail_admin_comments": [], "has_unpublished_changes": false, "latest_revision_created_at": null}, "approved_go_live_at": null}}, {"model": "wagtailcore.revision", "pk": 17, "fields": {"content_type": 44, "base_content_type": 1, "object_id": "17", "created_at": "2024-08-01T17:11:04.497Z", "user": 1, "object_str": "Current Members", "content": {"pk": 17, "body": "[{\"type\": \"richtext\", \"value\": \"<p data-block-key=\\\"x5349\\\">Shields up. I recommend we transfer power to phasers and arm the photon torpedoes. Something strange on the detector circuit. The weapons must have disrupted our communicators. You saw something as tasty as meat, but inorganically materialized out of patterns used by our transporters. Captain, the most elementary and valuable statement in science, the beginning of wisdom, is &#x27;I do not know.&#x27; All transporters off.</p><p data-block-key=\\\"85l86\\\"></p><p data-block-key=\\\"ev0s0\\\">Sensors indicate no shuttle or other ships in this sector. According to coordinates, we have travelled 7,000 light years and are located near the system J-25. Tractor beam released, sir. Force field maintaining our hull integrity. Damage report? Sections 27, 28 and 29 on decks four, five and six destroyed. Without our shields, at this range it is probable a photon detonation could destroy the Enterprise.</p><p data-block-key=\\\"4boh2\\\"></p><p data-block-key=\\\"fq1ev\\\">Deflector power at maximum. Energy discharge in six seconds. Warp reactor core primary coolant failure. Fluctuate phaser resonance frequencies. Resistance is futile. Recommend we adjust shield harmonics to the upper EM band when proceeding. These appear to be some kind of power-wave-guide conduits which allow them to work collectively as they perform ship functions. Increase deflector modulation to upper frequency band.</p><p data-block-key=\\\"e63qf\\\"></p>\", \"id\": \"626e76b7-cbed-41ef-993a-89eb8f735b2c\"}]", "live": true, "path": "0001000100030002", "slug": "membership", "depth": 4, "owner": 1, "title": "Current Members", "locale": 1, "locked": false, "expired": false, "sidebar": [], "alias_of": null, "numchild": 0, "url_path": "/home/about/current-members/", "expire_at": null, "locked_at": null, "locked_by": null, "seo_title": "", "go_live_at": null, "draft_title": "Current Members", "content_type": 44, "live_revision": 16, "show_in_menus": false, "latest_revision": 16, "translation_key": "2ff3c90f-ae73-4e87-af1b-ebda333d3410", "last_published_at": "2024-08-01T17:10:37.939Z", "first_published_at": "2024-08-01T17:10:37.939Z", "search_description": "", "wagtail_admin_comments": [], "has_unpublished_changes": false, "latest_revision_created_at": "2024-08-01T17:10:37.843Z"}, "approved_go_live_at": null}}, {"model": "wagtailcore.revision", "pk": 18, "fields": {"content_type": 44, "base_content_type": 1, "object_id": "18", "created_at": "2024-08-01T17:11:40.834Z", "user": 1, "object_str": "Partnerships", "content": {"pk": 18, "body": "[{\"type\": \"richtext\", \"value\": \"<p data-block-key=\\\"lt89w\\\">Communication is not possible. The shuttle has no power. Using the gravitational pull of a star to slingshot back in time? We are going to Starbase Montgomery for Engineering consultations prompted by minor read-out anomalies. Probes have recorded unusual levels of geological activity in all five planetary systems. Assemble a team. Look at records of the Drema quadrant. Would these scans detect artificial transmissions as well as natural signals?</p><p data-block-key=\\\"3dvku\\\"></p><p data-block-key=\\\"bttga\\\">Unidentified vessel travelling at sub warp speed, bearing 235.7. Fluctuations in energy readings from it, Captain. All transporters off. A strange set-up, but I&#x27;d say the graviton generator is depolarized. The dark colourings of the scrapes are the leavings of natural rubber, a type of non-conductive sole used by researchers experimenting with electricity. The molecules must have been partly de-phased by the anyon beam.</p><p data-block-key=\\\"8unnu\\\"></p><p data-block-key=\\\"dt9t2\\\"></p>\", \"id\": \"284f11fa-901b-4288-9de3-60f2cfcf241e\"}]", "live": true, "path": "0001000100030003", "slug": "partnerships", "depth": 4, "owner": 1, "title": "Partnerships", "locale": 1, "locked": false, "expired": false, "sidebar": [], "alias_of": null, "numchild": 0, "url_path": "/home/about/partnerships/", "expire_at": null, "locked_at": null, "locked_by": null, "seo_title": "", "go_live_at": null, "draft_title": "Partnerships", "content_type": 44, "live_revision": null, "show_in_menus": false, "latest_revision": null, "translation_key": "08c93e61-f6b1-44a8-a13b-e13ea78542e2", "last_published_at": null, "first_published_at": null, "search_description": "", "wagtail_admin_comments": [], "has_unpublished_changes": false, "latest_revision_created_at": null}, "approved_go_live_at": null}}, {"model": "wagtailcore.revision", "pk": 19, "fields": {"content_type": 44, "base_content_type": 1, "object_id": "19", "created_at": "2024-08-01T17:12:49.513Z", "user": 1, "object_str": "Board & Committees", "content": {"pk": 19, "body": "[{\"type\": \"richtext\", \"value\": \"<p data-block-key=\\\"q1ie1\\\">Sensors indicate no shuttle or other ships in this sector. According to coordinates, we have travelled 7,000 light years and are located near the system J-25. Tractor beam released, sir. Force field maintaining our hull integrity. Damage report? Sections 27, 28 and 29 on decks four, five and six destroyed. Without our shields, at this range it is probable a photon detonation could destroy the Enterprise.</p>\", \"id\": \"0d46a540-d980-4ee5-a715-040eb4203da6\"}]", "live": true, "path": "0001000100030004", "slug": "board-committees", "depth": 4, "owner": 1, "title": "Board & Committees", "locale": 1, "locked": false, "expired": false, "sidebar": [], "alias_of": null, "numchild": 0, "url_path": "/home/about/board-committees/", "expire_at": null, "locked_at": null, "locked_by": null, "seo_title": "", "go_live_at": null, "draft_title": "Board & Committees", "content_type": 44, "live_revision": null, "show_in_menus": false, "latest_revision": null, "translation_key": "d84faac3-f69b-4d8d-a80d-b48a60565beb", "last_published_at": null, "first_published_at": null, "search_description": "", "wagtail_admin_comments": [], "has_unpublished_changes": false, "latest_revision_created_at": null}, "approved_go_live_at": null}}, {"model": "wagtailcore.revision", "pk": 20, "fields": {"content_type": 44, "base_content_type": 1, "object_id": "20", "created_at": "2024-08-01T17:13:49.507Z", "user": 1, "object_str": "Staff", "content": {"pk": 20, "body": "[{\"type\": \"richtext\", \"value\": \"<p data-block-key=\\\"82cnu\\\">Shields up. I recommend we transfer power to phasers and arm the photon torpedoes. Something strange on the detector circuit. The weapons must have disrupted our communicators. You saw something as tasty as meat, but inorganically materialized out of patterns used by our transporters. Captain, the most elementary and valuable statement in science, the beginning of wisdom, is &#x27;I do not know.&#x27; All transporters off.</p><p data-block-key=\\\"dvptt\\\"></p><p data-block-key=\\\"fvfms\\\">Exceeding reaction chamber thermal limit. We have begun power-supply calibration. Force fields have been established on all turbo lifts and crawlways. Computer, run a level-two diagnostic on warp-drive systems. Antimatter containment positive. Warp drive within normal parameters. I read an ion trail characteristic of a freighter escape pod. The bomb had a molecular-decay detonator. Detecting some unusual fluctuations in subspace frequencies.</p><p data-block-key=\\\"2h3am\\\"></p><p data-block-key=\\\"cd6uj\\\">I have reset the sensors to scan for frequencies outside the usual range. By emitting harmonic vibrations to shatter the lattices. We will monitor and adjust the frequency of the resonators. He has this ability of instantly interpreting and extrapolating any verbal communication he hears. It may be due to the envelope over the structure, causing hydrogen-carbon helix patterns throughout. I&#x27;m comparing the molecular integrity of that bubble against our phasers.</p><p data-block-key=\\\"4ga9e\\\"></p><p data-block-key=\\\"8oin2\\\">Unidentified vessel travelling at sub warp speed, bearing 235.7. Fluctuations in energy readings from it, Captain. All transporters off. A strange set-up, but I&#x27;d say the graviton generator is depolarized. The dark colourings of the scrapes are the leavings of natural rubber, a type of non-conductive sole used by researchers experimenting with electricity. The molecules must have been partly de-phased by the anyon beam.</p><p data-block-key=\\\"1qkpo\\\"></p><p data-block-key=\\\"bt707\\\">Sensors indicate no shuttle or other ships in this sector. According to coordinates, we have travelled 7,000 light years and are located near the system J-25. Tractor beam released, sir. Force field maintaining our hull integrity. Damage report? Sections 27, 28 and 29 on decks four, five and six destroyed. Without our shields, at this range it is probable a photon detonation could destroy the Enterprise.</p>\", \"id\": \"862c9348-617f-4593-bde8-0493275d24d8\"}]", "live": true, "path": "0001000100030005", "slug": "staff", "depth": 4, "owner": 1, "title": "Staff", "locale": 1, "locked": false, "expired": false, "sidebar": [], "alias_of": null, "numchild": 0, "url_path": "/home/about/staff/", "expire_at": null, "locked_at": null, "locked_by": null, "seo_title": "", "go_live_at": null, "draft_title": "Staff", "content_type": 44, "live_revision": null, "show_in_menus": false, "latest_revision": null, "translation_key": "931b9e8b-492a-41d2-8e7a-c5a161a78d14", "last_published_at": null, "first_published_at": null, "search_description": "", "wagtail_admin_comments": [], "has_unpublished_changes": false, "latest_revision_created_at": null}, "approved_go_live_at": null}}, {"model": "wagtailcore.revision", "pk": 21, "fields": {"content_type": 44, "base_content_type": 1, "object_id": "21", "created_at": "2024-08-01T17:15:30.041Z", "user": 1, "object_str": "Archives Awareness", "content": {"pk": 21, "body": "[{\"type\": \"richtext\", \"value\": \"<p data-block-key=\\\"r3i7i\\\">Run a manual sweep of anomalous airborne or electromagnetic readings. Radiation levels in our atmosphere have increased by 3,000 percent. Electromagnetic and subspace wave fronts approaching synchronization. What is the strength of the ship&#x27;s deflector shields at maximum output? The wormhole&#x27;s size and short period would make this a local phenomenon. Do you have sufficient data to compile a holographic simulation?</p><p data-block-key=\\\"45bj7\\\"></p><p data-block-key=\\\"9gv88\\\">Sensors indicate no shuttle or other ships in this sector. According to coordinates, we have travelled 7,000 light years and are located near the system J-25. Tractor beam released, sir. Force field maintaining our hull integrity. Damage report? Sections 27, 28 and 29 on decks four, five and six destroyed. Without our shields, at this range it is probable a photon detonation could destroy the Enterprise.</p>\", \"id\": \"72cbfef4-faaa-43dd-b16a-2e03ba8b05b7\"}]", "live": true, "path": "0001000100040001", "slug": "archives-awareness", "depth": 4, "owner": 1, "title": "Archives Awareness", "locale": 1, "locked": false, "expired": false, "sidebar": [], "alias_of": null, "numchild": 0, "url_path": "/home/resources/archives-awareness/", "expire_at": null, "locked_at": null, "locked_by": null, "seo_title": "", "go_live_at": null, "draft_title": "Archives Awareness", "content_type": 44, "live_revision": null, "show_in_menus": false, "latest_revision": null, "translation_key": "c4f79bb0-66ef-4db4-806f-eca3b18fc448", "last_published_at": null, "first_published_at": null, "search_description": "", "wagtail_admin_comments": [], "has_unpublished_changes": false, "latest_revision_created_at": null}, "approved_go_live_at": null}}, {"model": "wagtailcore.revision", "pk": 22, "fields": {"content_type": 44, "base_content_type": 1, "object_id": "22", "created_at": "2024-08-01T17:16:19.496Z", "user": 1, "object_str": "Legacy Management Resource Portal", "content": {"pk": 22, "body": "[{\"type\": \"richtext\", \"value\": \"<p data-block-key=\\\"i82qq\\\">Communication is not possible. The shuttle has no power. Using the gravitational pull of a star to slingshot back in time? We are going to Starbase Montgomery for Engineering consultations prompted by minor read-out anomalies. Probes have recorded unusual levels of geological activity in all five planetary systems. Assemble a team. Look at records of the Drema quadrant. Would these scans detect artificial transmissions as well as natural signals?</p>\", \"id\": \"d57f41b0-affb-4f32-a9e3-a150bba9269d\"}]", "live": true, "path": "0001000100040002", "slug": "legacy-management-resource-portal", "depth": 4, "owner": 1, "title": "Legacy Management Resource Portal", "locale": 1, "locked": false, "expired": false, "sidebar": [], "alias_of": null, "numchild": 0, "url_path": "/home/resources/legacy-management-resource-portal/", "expire_at": null, "locked_at": null, "locked_by": null, "seo_title": "", "go_live_at": null, "draft_title": "Legacy Management Resource Portal", "content_type": 44, "live_revision": null, "show_in_menus": false, "latest_revision": null, "translation_key": "dda6a036-28e5-408f-a9a3-d621716dfdd9", "last_published_at": null, "first_published_at": null, "search_description": "", "wagtail_admin_comments": [], "has_unpublished_changes": false, "latest_revision_created_at": null}, "approved_go_live_at": null}}, {"model": "wagtailcore.revision", "pk": 23, "fields": {"content_type": 44, "base_content_type": 1, "object_id": "22", "created_at": "2024-08-01T17:16:46.146Z", "user": 1, "object_str": "Legacy Management Resource Portal", "content": {"pk": 22, "body": "[{\"type\": \"richtext\", \"value\": \"<p data-block-key=\\\"i82qq\\\">Communication is not possible. The shuttle has no power. Using the gravitational pull of a star to slingshot back in time? We are going to Starbase Montgomery for Engineering consultations prompted by minor read-out anomalies. Probes have recorded unusual levels of geological activity in all five planetary systems. Assemble a team. Look at records of the Drema quadrant. Would these scans detect artificial transmissions as well as natural signals?</p>\", \"id\": \"d57f41b0-affb-4f32-a9e3-a150bba9269d\"}]", "live": true, "path": "0001000100040002", "slug": "legacy-management-resources-portal", "depth": 4, "owner": 1, "title": "Legacy Management Resource Portal", "locale": 1, "locked": false, "expired": false, "sidebar": [], "alias_of": null, "numchild": 0, "url_path": "/home/resources/legacy-management-resource-portal/", "expire_at": null, "locked_at": null, "locked_by": null, "seo_title": "", "go_live_at": null, "draft_title": "Legacy Management Resource Portal", "content_type": 44, "live_revision": 22, "show_in_menus": false, "latest_revision": 22, "translation_key": "dda6a036-28e5-408f-a9a3-d621716dfdd9", "last_published_at": "2024-08-01T17:16:19.635Z", "first_published_at": "2024-08-01T17:16:19.635Z", "search_description": "", "wagtail_admin_comments": [], "has_unpublished_changes": false, "latest_revision_created_at": "2024-08-01T17:16:19.496Z"}, "approved_go_live_at": null}}, {"model": "wagtailcore.revision", "pk": 24, "fields": {"content_type": 44, "base_content_type": 1, "object_id": "23", "created_at": "2024-08-01T17:17:30.087Z", "user": 1, "object_str": "Protest in the Archives", "content": {"pk": 23, "body": "[{\"type\": \"richtext\", \"value\": \"<p data-block-key=\\\"q37ec\\\">Sensors indicate human life forms 30 meters below the planet&#x27;s surface. Stellar flares are increasing in magnitude and frequency. Set course for Rhomboid Dronegar 006, warp seven. There&#x27;s no evidence of an advanced communication network. Total guidance system failure, with less than 24 hours&#x27; reserve power. Shield effectiveness has been reduced 12 percent. We have covered the area in a spherical pattern which a ship without warp drive could cross in the given time.</p><p data-block-key=\\\"e5n5v\\\"></p><p data-block-key=\\\"8jq7i\\\">Deflector power at maximum. Energy discharge in six seconds. Warp reactor core primary coolant failure. Fluctuate phaser resonance frequencies. Resistance is futile. Recommend we adjust shield harmonics to the upper EM band when proceeding. These appear to be some kind of power-wave-guide conduits which allow them to work collectively as they perform ship functions. Increase deflector modulation to upper frequency band.</p>\", \"id\": \"d8a5f510-6d98-4221-9985-5bc11b6f7b50\"}]", "live": true, "path": "0001000100040003", "slug": "protest-in-the-archives", "depth": 4, "owner": 1, "title": "Protest in the Archives", "locale": 1, "locked": false, "expired": false, "sidebar": [], "alias_of": null, "numchild": 0, "url_path": "/home/resources/protest-in-the-archives/", "expire_at": null, "locked_at": null, "locked_by": null, "seo_title": "", "go_live_at": null, "draft_title": "Protest in the Archives", "content_type": 44, "live_revision": null, "show_in_menus": false, "latest_revision": null, "translation_key": "fb623db8-8c5a-4016-8e39-53ee7d008f85", "last_published_at": null, "first_published_at": null, "search_description": "", "wagtail_admin_comments": [], "has_unpublished_changes": false, "latest_revision_created_at": null}, "approved_go_live_at": null}}, {"model": "wagtailcore.revision", "pk": 25, "fields": {"content_type": 44, "base_content_type": 1, "object_id": "23", "created_at": "2024-08-01T17:17:49.410Z", "user": 1, "object_str": "Protest in the Archives", "content": {"pk": 23, "body": "[{\"type\": \"richtext\", \"value\": \"<p data-block-key=\\\"q37ec\\\">Sensors indicate human life forms 30 meters below the planet&#x27;s surface. Stellar flares are increasing in magnitude and frequency. Set course for Rhomboid Dronegar 006, warp seven. There&#x27;s no evidence of an advanced communication network. Total guidance system failure, with less than 24 hours&#x27; reserve power. Shield effectiveness has been reduced 12 percent. We have covered the area in a spherical pattern which a ship without warp drive could cross in the given time.</p><p data-block-key=\\\"e5n5v\\\"></p><p data-block-key=\\\"8jq7i\\\">Deflector power at maximum. Energy discharge in six seconds. Warp reactor core primary coolant failure. Fluctuate phaser resonance frequencies. Resistance is futile. Recommend we adjust shield harmonics to the upper EM band when proceeding. These appear to be some kind of power-wave-guide conduits which allow them to work collectively as they perform ship functions. Increase deflector modulation to upper frequency band.</p>\", \"id\": \"d8a5f510-6d98-4221-9985-5bc11b6f7b50\"}]", "live": true, "path": "0001000100040003", "slug": "protest-archives", "depth": 4, "owner": 1, "title": "Protest in the Archives", "locale": 1, "locked": false, "expired": false, "sidebar": [], "alias_of": null, "numchild": 0, "url_path": "/home/resources/protest-in-the-archives/", "expire_at": null, "locked_at": null, "locked_by": null, "seo_title": "", "go_live_at": null, "draft_title": "Protest in the Archives", "content_type": 44, "live_revision": 24, "show_in_menus": false, "latest_revision": 24, "translation_key": "fb623db8-8c5a-4016-8e39-53ee7d008f85", "last_published_at": "2024-08-01T17:17:30.222Z", "first_published_at": "2024-08-01T17:17:30.222Z", "search_description": "", "wagtail_admin_comments": [], "has_unpublished_changes": false, "latest_revision_created_at": "2024-08-01T17:17:30.087Z"}, "approved_go_live_at": null}}, {"model": "wagtailcore.revision", "pk": 26, "fields": {"content_type": 44, "base_content_type": 1, "object_id": "24", "created_at": "2024-08-01T17:18:22.059Z", "user": 1, "object_str": "Workshops", "content": {"pk": 24, "body": "[{\"type\": \"richtext\", \"value\": \"<p data-block-key=\\\"e48mg\\\">Unidentified vessel travelling at sub warp speed, bearing 235.7. Fluctuations in energy readings from it, Captain. All transporters off. A strange set-up, but I&#x27;d say the graviton generator is depolarized. The dark colourings of the scrapes are the leavings of natural rubber, a type of non-conductive sole used by researchers experimenting with electricity. The molecules must have been partly de-phased by the anyon beam.</p>\", \"id\": \"3f6755c2-8ffd-4698-81e7-5f62f24ab23a\"}]", "live": true, "path": "0001000100040004", "slug": "workshops", "depth": 4, "owner": 1, "title": "Workshops", "locale": 1, "locked": false, "expired": false, "sidebar": [], "alias_of": null, "numchild": 0, "url_path": "/home/resources/workshops/", "expire_at": null, "locked_at": null, "locked_by": null, "seo_title": "", "go_live_at": null, "draft_title": "Workshops", "content_type": 44, "live_revision": null, "show_in_menus": false, "latest_revision": null, "translation_key": "08bac0d7-eeb9-47e6-b05b-29f4ffda21ce", "last_published_at": null, "first_published_at": null, "search_description": "", "wagtail_admin_comments": [], "has_unpublished_changes": false, "latest_revision_created_at": null}, "approved_go_live_at": null}}, {"model": "wagtailcore.revision", "pk": 27, "fields": {"content_type": 44, "base_content_type": 1, "object_id": "25", "created_at": "2024-08-01T17:19:16.247Z", "user": 1, "object_str": "Jobs", "content": {"pk": 25, "body": "[{\"type\": \"richtext\", \"value\": \"<p data-block-key=\\\"abzvo\\\">Deflector power at maximum. Energy discharge in six seconds. Warp reactor core primary coolant failure. Fluctuate phaser resonance frequencies. Resistance is futile. Recommend we adjust shield harmonics to the upper EM band when proceeding. These appear to be some kind of power-wave-guide conduits which allow them to work collectively as they perform ship functions. Increase deflector modulation to upper frequency band.</p><p data-block-key=\\\"dvol8\\\"></p><p data-block-key=\\\"68lmf\\\">We&#x27;re acquainted with the wormhole phenomenon, but this... Is a remarkable piece of bio-electronic engineering by which I see much of the EM spectrum ranging from heat and infrared through radio waves, et cetera, and forgive me if I&#x27;ve said and listened to this a thousand times. This planet&#x27;s interior heat provides an abundance of geothermal energy. We need to neutralize the homing signal.</p><p data-block-key=\\\"ednb1\\\"></p><p data-block-key=\\\"5t5tv\\\">Run a manual sweep of anomalous airborne or electromagnetic readings. Radiation levels in our atmosphere have increased by 3,000 percent. Electromagnetic and subspace wave fronts approaching synchronization. What is the strength of the ship&#x27;s deflector shields at maximum output? The wormhole&#x27;s size and short period would make this a local phenomenon. Do you have sufficient data to compile a holographic simulation?</p>\", \"id\": \"4f5dead2-a1c1-4528-9fec-df13e3a758d3\"}]", "live": true, "path": "0001000100040005", "slug": "jobs", "depth": 4, "owner": 1, "title": "Jobs", "locale": 1, "locked": false, "expired": false, "sidebar": [], "alias_of": null, "numchild": 0, "url_path": "/home/resources/jobs/", "expire_at": null, "locked_at": null, "locked_by": null, "seo_title": "", "go_live_at": null, "draft_title": "Jobs", "content_type": 44, "live_revision": null, "show_in_menus": false, "latest_revision": null, "translation_key": "e472a27c-95cc-4d5b-ae3f-12e5119b4c56", "last_published_at": null, "first_published_at": null, "search_description": "", "wagtail_admin_comments": [], "has_unpublished_changes": false, "latest_revision_created_at": null}, "approved_go_live_at": null}}, {"model": "wagtailcore.grouppagepermission", "pk": 1, "fields": {"group": 1, "page": 1, "permission": 38}}, {"model": "wagtailcore.grouppagepermission", "pk": 2, "fields": {"group": 1, "page": 1, "permission": 39}}, {"model": "wagtailcore.grouppagepermission", "pk": 3, "fields": {"group": 1, "page": 1, "permission": 44}}, {"model": "wagtailcore.grouppagepermission", "pk": 4, "fields": {"group": 2, "page": 1, "permission": 38}}, {"model": "wagtailcore.grouppagepermission", "pk": 5, "fields": {"group": 2, "page": 1, "permission": 39}}, {"model": "wagtailcore.grouppagepermission", "pk": 6, "fields": {"group": 1, "page": 1, "permission": 43}}, {"model": "wagtailcore.grouppagepermission", "pk": 7, "fields": {"group": 1, "page": 1, "permission": 45}}, {"model": "wagtailcore.workflowpage", "pk": 1, "fields": {"workflow": 1}}, {"model": "wagtailcore.workflowtask", "pk": 1, "fields": {"sort_order": 0, "workflow": 1, "task": 1}}, {"model": "wagtailcore.task", "pk": 1, "fields": {"name": "Moderators approval", "content_type": 4, "active": true}}, {"model": "wagtailcore.workflow", "pk": 1, "fields": {"name": "Moderators approval", "active": true}}, {"model": "wagtailcore.groupapprovaltask", "pk": 1, "fields": {"groups": [1]}}, {"model": "wagtailcore.pagelogentry", "pk": 1, "fields": {"content_type": 3, "label": "Home", "action": "wagtail.edit", "data": {}, "timestamp": "2024-08-01T14:21:06.319Z", "uuid": "5dca9e9d-250d-4145-b396-5ea808284997", "user": 1, "revision": 1, "content_changed": true, "deleted": false, "page": 3}}, {"model": "wagtailcore.pagelogentry", "pk": 2, "fields": {"content_type": 3, "label": "Home", "action": "wagtail.publish", "data": {}, "timestamp": "2024-08-01T14:21:06.412Z", "uuid": "5dca9e9d-250d-4145-b396-5ea808284997", "user": 1, "revision": 1, "content_changed": true, "deleted": false, "page": 3}}, {"model": "wagtailcore.pagelogentry", "pk": 3, "fields": {"content_type": 46, "label": "News", "action": "wagtail.create", "data": {}, "timestamp": "2024-08-01T14:24:51.458Z", "uuid": "8b5cd2bc-77c6-4fbf-be6d-b6e80f6d2070", "user": 1, "revision": null, "content_changed": true, "deleted": false, "page": 4}}, {"model": "wagtailcore.pagelogentry", "pk": 4, "fields": {"content_type": 46, "label": "News", "action": "wagtail.edit", "data": {}, "timestamp": "2024-08-01T14:24:51.541Z", "uuid": "8b5cd2bc-77c6-4fbf-be6d-b6e80f6d2070", "user": 1, "revision": 2, "content_changed": true, "deleted": false, "page": 4}}, {"model": "wagtailcore.pagelogentry", "pk": 5, "fields": {"content_type": 46, "label": "News", "action": "wagtail.publish", "data": {}, "timestamp": "2024-08-01T14:24:51.679Z", "uuid": "8b5cd2bc-77c6-4fbf-be6d-b6e80f6d2070", "user": 1, "revision": 2, "content_changed": true, "deleted": false, "page": 4}}, {"model": "wagtailcore.pagelogentry", "pk": 6, "fields": {"content_type": 47, "label": "Materialized Out of Patterns", "action": "wagtail.create", "data": {}, "timestamp": "2024-08-01T14:25:37.111Z", "uuid": "0ab123b8-a122-448d-943a-2d32d76cbbc7", "user": 1, "revision": null, "content_changed": true, "deleted": false, "page": 5}}, {"model": "wagtailcore.pagelogentry", "pk": 7, "fields": {"content_type": 47, "label": "Materialized Out of Patterns", "action": "wagtail.edit", "data": {}, "timestamp": "2024-08-01T14:25:37.175Z", "uuid": "0ab123b8-a122-448d-943a-2d32d76cbbc7", "user": 1, "revision": 3, "content_changed": true, "deleted": false, "page": 5}}, {"model": "wagtailcore.pagelogentry", "pk": 8, "fields": {"content_type": 47, "label": "Materialized Out of Patterns", "action": "wagtail.publish", "data": {}, "timestamp": "2024-08-01T14:25:37.269Z", "uuid": "0ab123b8-a122-448d-943a-2d32d76cbbc7", "user": 1, "revision": 3, "content_changed": true, "deleted": false, "page": 5}}, {"model": "wagtailcore.pagelogentry", "pk": 9, "fields": {"content_type": 3, "label": "Home", "action": "wagtail.edit", "data": {}, "timestamp": "2024-08-01T14:42:05.520Z", "uuid": "fa986813-21c2-4a92-8599-573dc52f6bdf", "user": 1, "revision": 4, "content_changed": true, "deleted": false, "page": 3}}, {"model": "wagtailcore.pagelogentry", "pk": 10, "fields": {"content_type": 3, "label": "Home", "action": "wagtail.publish", "data": {}, "timestamp": "2024-08-01T14:42:05.720Z", "uuid": "fa986813-21c2-4a92-8599-573dc52f6bdf", "user": 1, "revision": 4, "content_changed": true, "deleted": false, "page": 3}}, {"model": "wagtailcore.pagelogentry", "pk": 11, "fields": {"content_type": 44, "label": "Programs", "action": "wagtail.create", "data": {}, "timestamp": "2024-08-01T16:54:41.159Z", "uuid": "1174cb4e-bdfe-44b4-89b7-64c4196f9798", "user": 1, "revision": null, "content_changed": true, "deleted": false, "page": 6}}, {"model": "wagtailcore.pagelogentry", "pk": 12, "fields": {"content_type": 44, "label": "Programs", "action": "wagtail.edit", "data": {}, "timestamp": "2024-08-01T16:54:41.272Z", "uuid": "1174cb4e-bdfe-44b4-89b7-64c4196f9798", "user": 1, "revision": 5, "content_changed": true, "deleted": false, "page": 6}}, {"model": "wagtailcore.pagelogentry", "pk": 13, "fields": {"content_type": 44, "label": "Programs", "action": "wagtail.publish", "data": {}, "timestamp": "2024-08-01T16:54:41.525Z", "uuid": "1174cb4e-bdfe-44b4-89b7-64c4196f9798", "user": 1, "revision": 5, "content_changed": true, "deleted": false, "page": 6}}, {"model": "wagtailcore.pagelogentry", "pk": 14, "fields": {"content_type": 44, "label": "About", "action": "wagtail.create", "data": {}, "timestamp": "2024-08-01T16:55:17.226Z", "uuid": "8b65a735-b679-4ac9-90e5-dec0f3d32d0b", "user": 1, "revision": null, "content_changed": true, "deleted": false, "page": 7}}, {"model": "wagtailcore.pagelogentry", "pk": 15, "fields": {"content_type": 44, "label": "About", "action": "wagtail.edit", "data": {}, "timestamp": "2024-08-01T16:55:17.297Z", "uuid": "8b65a735-b679-4ac9-90e5-dec0f3d32d0b", "user": 1, "revision": 6, "content_changed": true, "deleted": false, "page": 7}}, {"model": "wagtailcore.pagelogentry", "pk": 16, "fields": {"content_type": 44, "label": "About", "action": "wagtail.publish", "data": {}, "timestamp": "2024-08-01T16:55:17.472Z", "uuid": "8b65a735-b679-4ac9-90e5-dec0f3d32d0b", "user": 1, "revision": 6, "content_changed": true, "deleted": false, "page": 7}}, {"model": "wagtailcore.pagelogentry", "pk": 17, "fields": {"content_type": 44, "label": "Resources", "action": "wagtail.create", "data": {}, "timestamp": "2024-08-01T16:56:09.417Z", "uuid": "8abf03f7-7edc-4f25-836a-58f561ca1172", "user": 1, "revision": null, "content_changed": true, "deleted": false, "page": 8}}, {"model": "wagtailcore.pagelogentry", "pk": 18, "fields": {"content_type": 44, "label": "Resources", "action": "wagtail.edit", "data": {}, "timestamp": "2024-08-01T16:56:09.490Z", "uuid": "8abf03f7-7edc-4f25-836a-58f561ca1172", "user": 1, "revision": 7, "content_changed": true, "deleted": false, "page": 8}}, {"model": "wagtailcore.pagelogentry", "pk": 19, "fields": {"content_type": 44, "label": "Resources", "action": "wagtail.publish", "data": {}, "timestamp": "2024-08-01T16:56:09.589Z", "uuid": "8abf03f7-7edc-4f25-836a-58f561ca1172", "user": 1, "revision": 7, "content_changed": true, "deleted": false, "page": 8}}, {"model": "wagtailcore.pagelogentry", "pk": 20, "fields": {"content_type": 44, "label": "Contact", "action": "wagtail.create", "data": {}, "timestamp": "2024-08-01T16:57:26.365Z", "uuid": "4b77ba9d-bb0d-45dd-94c6-339edd12adf8", "user": 1, "revision": null, "content_changed": true, "deleted": false, "page": 9}}, {"model": "wagtailcore.pagelogentry", "pk": 21, "fields": {"content_type": 44, "label": "Contact", "action": "wagtail.edit", "data": {}, "timestamp": "2024-08-01T16:57:26.453Z", "uuid": "4b77ba9d-bb0d-45dd-94c6-339edd12adf8", "user": 1, "revision": 8, "content_changed": true, "deleted": false, "page": 9}}, {"model": "wagtailcore.pagelogentry", "pk": 22, "fields": {"content_type": 44, "label": "Contact", "action": "wagtail.publish", "data": {}, "timestamp": "2024-08-01T16:57:26.572Z", "uuid": "4b77ba9d-bb0d-45dd-94c6-339edd12adf8", "user": 1, "revision": 8, "content_changed": true, "deleted": false, "page": 9}}, {"model": "wagtailcore.pagelogentry", "pk": 23, "fields": {"content_type": 47, "label": "Support BMRC", "action": "wagtail.create", "data": {}, "timestamp": "2024-08-01T16:58:36.412Z", "uuid": "a7815644-9440-44dd-b8e3-76ddc1be5fff", "user": 1, "revision": null, "content_changed": true, "deleted": false, "page": 10}}, {"model": "wagtailcore.pagelogentry", "pk": 24, "fields": {"content_type": 47, "label": "Support BMRC", "action": "wagtail.edit", "data": {}, "timestamp": "2024-08-01T16:58:36.502Z", "uuid": "a7815644-9440-44dd-b8e3-76ddc1be5fff", "user": 1, "revision": 9, "content_changed": true, "deleted": false, "page": 10}}, {"model": "wagtailcore.pagelogentry", "pk": 25, "fields": {"content_type": 47, "label": "Support BMRC", "action": "wagtail.publish", "data": {}, "timestamp": "2024-08-01T16:58:36.701Z", "uuid": "a7815644-9440-44dd-b8e3-76ddc1be5fff", "user": 1, "revision": 9, "content_changed": true, "deleted": false, "page": 10}}, {"model": "wagtailcore.pagelogentry", "pk": 26, "fields": {"content_type": 36, "label": "Portal", "action": "wagtail.create", "data": {}, "timestamp": "2024-08-01T17:00:45.563Z", "uuid": "d59bef7c-80ad-4828-811b-a94e00f36e22", "user": 1, "revision": null, "content_changed": true, "deleted": false, "page": 11}}, {"model": "wagtailcore.pagelogentry", "pk": 27, "fields": {"content_type": 36, "label": "Portal", "action": "wagtail.edit", "data": {}, "timestamp": "2024-08-01T17:00:45.656Z", "uuid": "d59bef7c-80ad-4828-811b-a94e00f36e22", "user": 1, "revision": 10, "content_changed": true, "deleted": false, "page": 11}}, {"model": "wagtailcore.pagelogentry", "pk": 28, "fields": {"content_type": 36, "label": "Portal", "action": "wagtail.publish", "data": {}, "timestamp": "2024-08-01T17:00:45.789Z", "uuid": "d59bef7c-80ad-4828-811b-a94e00f36e22", "user": 1, "revision": 10, "content_changed": true, "deleted": false, "page": 11}}, {"model": "wagtailcore.pagelogentry", "pk": 29, "fields": {"content_type": 44, "label": "Summer Short-Term Fellowship", "action": "wagtail.create", "data": {}, "timestamp": "2024-08-01T17:06:22.209Z", "uuid": "e3331a3f-9671-40a3-bcff-d581c72f8f09", "user": 1, "revision": null, "content_changed": true, "deleted": false, "page": 12}}, {"model": "wagtailcore.pagelogentry", "pk": 30, "fields": {"content_type": 44, "label": "Summer Short-Term Fellowship", "action": "wagtail.edit", "data": {}, "timestamp": "2024-08-01T17:06:22.299Z", "uuid": "e3331a3f-9671-40a3-bcff-d581c72f8f09", "user": 1, "revision": 11, "content_changed": true, "deleted": false, "page": 12}}, {"model": "wagtailcore.pagelogentry", "pk": 31, "fields": {"content_type": 44, "label": "Summer Short-Term Fellowship", "action": "wagtail.publish", "data": {}, "timestamp": "2024-08-01T17:06:22.444Z", "uuid": "e3331a3f-9671-40a3-bcff-d581c72f8f09", "user": 1, "revision": 11, "content_changed": true, "deleted": false, "page": 12}}, {"model": "wagtailcore.pagelogentry", "pk": 32, "fields": {"content_type": 44, "label": "Archie Motley Archival Internship Program", "action": "wagtail.create", "data": {}, "timestamp": "2024-08-01T17:07:21.026Z", "uuid": "29e4e9c9-4598-4253-8b91-8ec1a53c63c1", "user": 1, "revision": null, "content_changed": true, "deleted": false, "page": 13}}, {"model": "wagtailcore.pagelogentry", "pk": 33, "fields": {"content_type": 44, "label": "Archie Motley Archival Internship Program", "action": "wagtail.edit", "data": {}, "timestamp": "2024-08-01T17:07:21.093Z", "uuid": "29e4e9c9-4598-4253-8b91-8ec1a53c63c1", "user": 1, "revision": 12, "content_changed": true, "deleted": false, "page": 13}}, {"model": "wagtailcore.pagelogentry", "pk": 34, "fields": {"content_type": 44, "label": "Archie Motley Archival Internship Program", "action": "wagtail.publish", "data": {}, "timestamp": "2024-08-01T17:07:21.219Z", "uuid": "29e4e9c9-4598-4253-8b91-8ec1a53c63c1", "user": 1, "revision": 12, "content_changed": true, "deleted": false, "page": 13}}, {"model": "wagtailcore.pagelogentry", "pk": 35, "fields": {"content_type": 44, "label": "Color Curtain Processing Project", "action": "wagtail.create", "data": {}, "timestamp": "2024-08-01T17:08:02.277Z", "uuid": "232b308c-f330-4803-8d16-4fc07a6e1335", "user": 1, "revision": null, "content_changed": true, "deleted": false, "page": 14}}, {"model": "wagtailcore.pagelogentry", "pk": 36, "fields": {"content_type": 44, "label": "Color Curtain Processing Project", "action": "wagtail.edit", "data": {}, "timestamp": "2024-08-01T17:08:02.335Z", "uuid": "232b308c-f330-4803-8d16-4fc07a6e1335", "user": 1, "revision": 13, "content_changed": true, "deleted": false, "page": 14}}, {"model": "wagtailcore.pagelogentry", "pk": 37, "fields": {"content_type": 44, "label": "Color Curtain Processing Project", "action": "wagtail.publish", "data": {}, "timestamp": "2024-08-01T17:08:02.452Z", "uuid": "232b308c-f330-4803-8d16-4fc07a6e1335", "user": 1, "revision": 13, "content_changed": true, "deleted": false, "page": 14}}, {"model": "wagtailcore.pagelogentry", "pk": 38, "fields": {"content_type": 44, "label": "Survey Initiative", "action": "wagtail.create", "data": {}, "timestamp": "2024-08-01T17:08:39.140Z", "uuid": "eedaaf00-ee44-4d93-b290-172b9141549a", "user": 1, "revision": null, "content_changed": true, "deleted": false, "page": 15}}, {"model": "wagtailcore.pagelogentry", "pk": 39, "fields": {"content_type": 44, "label": "Survey Initiative", "action": "wagtail.edit", "data": {}, "timestamp": "2024-08-01T17:08:39.219Z", "uuid": "eedaaf00-ee44-4d93-b290-172b9141549a", "user": 1, "revision": 14, "content_changed": true, "deleted": false, "page": 15}}, {"model": "wagtailcore.pagelogentry", "pk": 40, "fields": {"content_type": 44, "label": "Survey Initiative", "action": "wagtail.publish", "data": {}, "timestamp": "2024-08-01T17:08:39.358Z", "uuid": "eedaaf00-ee44-4d93-b290-172b9141549a", "user": 1, "revision": 14, "content_changed": true, "deleted": false, "page": 15}}, {"model": "wagtailcore.pagelogentry", "pk": 41, "fields": {"content_type": 44, "label": "Membership Information", "action": "wagtail.create", "data": {}, "timestamp": "2024-08-01T17:10:01.083Z", "uuid": "fa663f24-9a4f-4a41-9225-8a83aa31604e", "user": 1, "revision": null, "content_changed": true, "deleted": false, "page": 16}}, {"model": "wagtailcore.pagelogentry", "pk": 42, "fields": {"content_type": 44, "label": "Membership Information", "action": "wagtail.edit", "data": {}, "timestamp": "2024-08-01T17:10:01.138Z", "uuid": "fa663f24-9a4f-4a41-9225-8a83aa31604e", "user": 1, "revision": 15, "content_changed": true, "deleted": false, "page": 16}}, {"model": "wagtailcore.pagelogentry", "pk": 43, "fields": {"content_type": 44, "label": "Membership Information", "action": "wagtail.publish", "data": {}, "timestamp": "2024-08-01T17:10:01.246Z", "uuid": "fa663f24-9a4f-4a41-9225-8a83aa31604e", "user": 1, "revision": 15, "content_changed": true, "deleted": false, "page": 16}}, {"model": "wagtailcore.pagelogentry", "pk": 44, "fields": {"content_type": 44, "label": "Current Members", "action": "wagtail.create", "data": {}, "timestamp": "2024-08-01T17:10:37.814Z", "uuid": "3d6b952f-3e9b-4f7e-af88-9b8ad818f993", "user": 1, "revision": null, "content_changed": true, "deleted": false, "page": 17}}, {"model": "wagtailcore.pagelogentry", "pk": 45, "fields": {"content_type": 44, "label": "Current Members", "action": "wagtail.edit", "data": {}, "timestamp": "2024-08-01T17:10:37.893Z", "uuid": "3d6b952f-3e9b-4f7e-af88-9b8ad818f993", "user": 1, "revision": 16, "content_changed": true, "deleted": false, "page": 17}}, {"model": "wagtailcore.pagelogentry", "pk": 46, "fields": {"content_type": 44, "label": "Current Members", "action": "wagtail.publish", "data": {}, "timestamp": "2024-08-01T17:10:38.071Z", "uuid": "3d6b952f-3e9b-4f7e-af88-9b8ad818f993", "user": 1, "revision": 16, "content_changed": true, "deleted": false, "page": 17}}, {"model": "wagtailcore.pagelogentry", "pk": 47, "fields": {"content_type": 44, "label": "Current Members", "action": "wagtail.edit", "data": {}, "timestamp": "2024-08-01T17:11:04.579Z", "uuid": "41d63021-c5ca-45c9-be23-b15a344f8236", "user": 1, "revision": 17, "content_changed": true, "deleted": false, "page": 17}}, {"model": "wagtailcore.pagelogentry", "pk": 48, "fields": {"content_type": 44, "label": "Current Members", "action": "wagtail.publish", "data": {}, "timestamp": "2024-08-01T17:11:04.890Z", "uuid": "41d63021-c5ca-45c9-be23-b15a344f8236", "user": 1, "revision": 17, "content_changed": true, "deleted": false, "page": 17}}, {"model": "wagtailcore.pagelogentry", "pk": 49, "fields": {"content_type": 44, "label": "Partnerships", "action": "wagtail.create", "data": {}, "timestamp": "2024-08-01T17:11:40.791Z", "uuid": "94051827-14e0-4aac-a0bb-d1bd7a038d1a", "user": 1, "revision": null, "content_changed": true, "deleted": false, "page": 18}}, {"model": "wagtailcore.pagelogentry", "pk": 50, "fields": {"content_type": 44, "label": "Partnerships", "action": "wagtail.edit", "data": {}, "timestamp": "2024-08-01T17:11:40.886Z", "uuid": "94051827-14e0-4aac-a0bb-d1bd7a038d1a", "user": 1, "revision": 18, "content_changed": true, "deleted": false, "page": 18}}, {"model": "wagtailcore.pagelogentry", "pk": 51, "fields": {"content_type": 44, "label": "Partnerships", "action": "wagtail.publish", "data": {}, "timestamp": "2024-08-01T17:11:41.083Z", "uuid": "94051827-14e0-4aac-a0bb-d1bd7a038d1a", "user": 1, "revision": 18, "content_changed": true, "deleted": false, "page": 18}}, {"model": "wagtailcore.pagelogentry", "pk": 52, "fields": {"content_type": 44, "label": "Board & Committees", "action": "wagtail.create", "data": {}, "timestamp": "2024-08-01T17:12:49.471Z", "uuid": "19bc5be3-5305-42ea-bb0c-0213aee8f0a2", "user": 1, "revision": null, "content_changed": true, "deleted": false, "page": 19}}, {"model": "wagtailcore.pagelogentry", "pk": 53, "fields": {"content_type": 44, "label": "Board & Committees", "action": "wagtail.edit", "data": {}, "timestamp": "2024-08-01T17:12:49.562Z", "uuid": "19bc5be3-5305-42ea-bb0c-0213aee8f0a2", "user": 1, "revision": 19, "content_changed": true, "deleted": false, "page": 19}}, {"model": "wagtailcore.pagelogentry", "pk": 54, "fields": {"content_type": 44, "label": "Board & Committees", "action": "wagtail.publish", "data": {}, "timestamp": "2024-08-01T17:12:49.716Z", "uuid": "19bc5be3-5305-42ea-bb0c-0213aee8f0a2", "user": 1, "revision": 19, "content_changed": true, "deleted": false, "page": 19}}, {"model": "wagtailcore.pagelogentry", "pk": 55, "fields": {"content_type": 44, "label": "Staff", "action": "wagtail.create", "data": {}, "timestamp": "2024-08-01T17:13:49.461Z", "uuid": "fc76feee-ade6-48a7-a88f-042e1d16507e", "user": 1, "revision": null, "content_changed": true, "deleted": false, "page": 20}}, {"model": "wagtailcore.pagelogentry", "pk": 56, "fields": {"content_type": 44, "label": "Staff", "action": "wagtail.edit", "data": {}, "timestamp": "2024-08-01T17:13:49.552Z", "uuid": "fc76feee-ade6-48a7-a88f-042e1d16507e", "user": 1, "revision": 20, "content_changed": true, "deleted": false, "page": 20}}, {"model": "wagtailcore.pagelogentry", "pk": 57, "fields": {"content_type": 44, "label": "Staff", "action": "wagtail.publish", "data": {}, "timestamp": "2024-08-01T17:13:49.727Z", "uuid": "fc76feee-ade6-48a7-a88f-042e1d16507e", "user": 1, "revision": 20, "content_changed": true, "deleted": false, "page": 20}}, {"model": "wagtailcore.pagelogentry", "pk": 58, "fields": {"content_type": 44, "label": "Archives Awareness", "action": "wagtail.create", "data": {}, "timestamp": "2024-08-01T17:15:29.959Z", "uuid": "a4a66208-6ca8-4f6d-961b-5a201c6a87d3", "user": 1, "revision": null, "content_changed": true, "deleted": false, "page": 21}}, {"model": "wagtailcore.pagelogentry", "pk": 59, "fields": {"content_type": 44, "label": "Archives Awareness", "action": "wagtail.edit", "data": {}, "timestamp": "2024-08-01T17:15:30.125Z", "uuid": "a4a66208-6ca8-4f6d-961b-5a201c6a87d3", "user": 1, "revision": 21, "content_changed": true, "deleted": false, "page": 21}}, {"model": "wagtailcore.pagelogentry", "pk": 60, "fields": {"content_type": 44, "label": "Archives Awareness", "action": "wagtail.publish", "data": {}, "timestamp": "2024-08-01T17:15:30.323Z", "uuid": "a4a66208-6ca8-4f6d-961b-5a201c6a87d3", "user": 1, "revision": 21, "content_changed": true, "deleted": false, "page": 21}}, {"model": "wagtailcore.pagelogentry", "pk": 61, "fields": {"content_type": 44, "label": "Legacy Management Resource Portal", "action": "wagtail.create", "data": {}, "timestamp": "2024-08-01T17:16:19.439Z", "uuid": "6d4fad8a-3397-4565-bd89-7d8570ceb9e1", "user": 1, "revision": null, "content_changed": true, "deleted": false, "page": 22}}, {"model": "wagtailcore.pagelogentry", "pk": 62, "fields": {"content_type": 44, "label": "Legacy Management Resource Portal", "action": "wagtail.edit", "data": {}, "timestamp": "2024-08-01T17:16:19.572Z", "uuid": "6d4fad8a-3397-4565-bd89-7d8570ceb9e1", "user": 1, "revision": 22, "content_changed": true, "deleted": false, "page": 22}}, {"model": "wagtailcore.pagelogentry", "pk": 63, "fields": {"content_type": 44, "label": "Legacy Management Resource Portal", "action": "wagtail.publish", "data": {}, "timestamp": "2024-08-01T17:16:19.827Z", "uuid": "6d4fad8a-3397-4565-bd89-7d8570ceb9e1", "user": 1, "revision": 22, "content_changed": true, "deleted": false, "page": 22}}, {"model": "wagtailcore.pagelogentry", "pk": 64, "fields": {"content_type": 44, "label": "Legacy Management Resource Portal", "action": "wagtail.edit", "data": {}, "timestamp": "2024-08-01T17:16:46.188Z", "uuid": "74c367ff-0a68-48a0-b1b4-1a39d00b05e7", "user": 1, "revision": 23, "content_changed": true, "deleted": false, "page": 22}}, {"model": "wagtailcore.pagelogentry", "pk": 65, "fields": {"content_type": 44, "label": "Legacy Management Resource Portal", "action": "wagtail.publish", "data": {}, "timestamp": "2024-08-01T17:16:46.387Z", "uuid": "74c367ff-0a68-48a0-b1b4-1a39d00b05e7", "user": 1, "revision": 23, "content_changed": true, "deleted": false, "page": 22}}, {"model": "wagtailcore.pagelogentry", "pk": 66, "fields": {"content_type": 44, "label": "Protest in the Archives", "action": "wagtail.create", "data": {}, "timestamp": "2024-08-01T17:17:29.996Z", "uuid": "8969d863-b268-40a9-879a-62aab1267927", "user": 1, "revision": null, "content_changed": true, "deleted": false, "page": 23}}, {"model": "wagtailcore.pagelogentry", "pk": 67, "fields": {"content_type": 44, "label": "Protest in the Archives", "action": "wagtail.edit", "data": {}, "timestamp": "2024-08-01T17:17:30.167Z", "uuid": "8969d863-b268-40a9-879a-62aab1267927", "user": 1, "revision": 24, "content_changed": true, "deleted": false, "page": 23}}, {"model": "wagtailcore.pagelogentry", "pk": 68, "fields": {"content_type": 44, "label": "Protest in the Archives", "action": "wagtail.publish", "data": {}, "timestamp": "2024-08-01T17:17:30.369Z", "uuid": "8969d863-b268-40a9-879a-62aab1267927", "user": 1, "revision": 24, "content_changed": true, "deleted": false, "page": 23}}, {"model": "wagtailcore.pagelogentry", "pk": 69, "fields": {"content_type": 44, "label": "Protest in the Archives", "action": "wagtail.edit", "data": {}, "timestamp": "2024-08-01T17:17:49.456Z", "uuid": "5f167e7f-e305-4cb0-a76f-e0ecd27e62f7", "user": 1, "revision": 25, "content_changed": true, "deleted": false, "page": 23}}, {"model": "wagtailcore.pagelogentry", "pk": 70, "fields": {"content_type": 44, "label": "Protest in the Archives", "action": "wagtail.publish", "data": {}, "timestamp": "2024-08-01T17:17:49.638Z", "uuid": "5f167e7f-e305-4cb0-a76f-e0ecd27e62f7", "user": 1, "revision": 25, "content_changed": true, "deleted": false, "page": 23}}, {"model": "wagtailcore.pagelogentry", "pk": 71, "fields": {"content_type": 44, "label": "Workshops", "action": "wagtail.create", "data": {}, "timestamp": "2024-08-01T17:18:22.020Z", "uuid": "7f872b9e-d5eb-49ac-8678-60eac045b7fa", "user": 1, "revision": null, "content_changed": true, "deleted": false, "page": 24}}, {"model": "wagtailcore.pagelogentry", "pk": 72, "fields": {"content_type": 44, "label": "Workshops", "action": "wagtail.edit", "data": {}, "timestamp": "2024-08-01T17:18:22.103Z", "uuid": "7f872b9e-d5eb-49ac-8678-60eac045b7fa", "user": 1, "revision": 26, "content_changed": true, "deleted": false, "page": 24}}, {"model": "wagtailcore.pagelogentry", "pk": 73, "fields": {"content_type": 44, "label": "Workshops", "action": "wagtail.publish", "data": {}, "timestamp": "2024-08-01T17:18:22.262Z", "uuid": "7f872b9e-d5eb-49ac-8678-60eac045b7fa", "user": 1, "revision": 26, "content_changed": true, "deleted": false, "page": 24}}, {"model": "wagtailcore.pagelogentry", "pk": 74, "fields": {"content_type": 44, "label": "Jobs", "action": "wagtail.create", "data": {}, "timestamp": "2024-08-01T17:19:16.194Z", "uuid": "be32aeb4-8794-4bf8-a89b-e4d4bc6ac19c", "user": 1, "revision": null, "content_changed": true, "deleted": false, "page": 25}}, {"model": "wagtailcore.pagelogentry", "pk": 75, "fields": {"content_type": 44, "label": "Jobs", "action": "wagtail.edit", "data": {}, "timestamp": "2024-08-01T17:19:16.334Z", "uuid": "be32aeb4-8794-4bf8-a89b-e4d4bc6ac19c", "user": 1, "revision": 27, "content_changed": true, "deleted": false, "page": 25}}, {"model": "wagtailcore.pagelogentry", "pk": 76, "fields": {"content_type": 44, "label": "Jobs", "action": "wagtail.publish", "data": {}, "timestamp": "2024-08-01T17:19:16.533Z", "uuid": "be32aeb4-8794-4bf8-a89b-e4d4bc6ac19c", "user": 1, "revision": 27, "content_changed": true, "deleted": false, "page": 25}}, {"model": "wagtailcore.pagesubscription", "pk": 1, "fields": {"user": 1, "page": 3, "comment_notifications": false}}, {"model": "wagtailcore.pagesubscription", "pk": 2, "fields": {"user": 1, "page": 4, "comment_notifications": true}}, {"model": "wagtailcore.pagesubscription", "pk": 3, "fields": {"user": 1, "page": 5, "comment_notifications": true}}, {"model": "wagtailcore.pagesubscription", "pk": 4, "fields": {"user": 1, "page": 6, "comment_notifications": true}}, {"model": "wagtailcore.pagesubscription", "pk": 5, "fields": {"user": 1, "page": 7, "comment_notifications": true}}, {"model": "wagtailcore.pagesubscription", "pk": 6, "fields": {"user": 1, "page": 8, "comment_notifications": true}}, {"model": "wagtailcore.pagesubscription", "pk": 7, "fields": {"user": 1, "page": 9, "comment_notifications": true}}, {"model": "wagtailcore.pagesubscription", "pk": 8, "fields": {"user": 1, "page": 10, "comment_notifications": true}}, {"model": "wagtailcore.pagesubscription", "pk": 9, "fields": {"user": 1, "page": 11, "comment_notifications": true}}, {"model": "wagtailcore.pagesubscription", "pk": 10, "fields": {"user": 1, "page": 12, "comment_notifications": true}}, {"model": "wagtailcore.pagesubscription", "pk": 11, "fields": {"user": 1, "page": 13, "comment_notifications": true}}, {"model": "wagtailcore.pagesubscription", "pk": 12, "fields": {"user": 1, "page": 14, "comment_notifications": true}}, {"model": "wagtailcore.pagesubscription", "pk": 13, "fields": {"user": 1, "page": 15, "comment_notifications": true}}, {"model": "wagtailcore.pagesubscription", "pk": 14, "fields": {"user": 1, "page": 16, "comment_notifications": true}}, {"model": "wagtailcore.pagesubscription", "pk": 15, "fields": {"user": 1, "page": 17, "comment_notifications": true}}, {"model": "wagtailcore.pagesubscription", "pk": 16, "fields": {"user": 1, "page": 18, "comment_notifications": true}}, {"model": "wagtailcore.pagesubscription", "pk": 17, "fields": {"user": 1, "page": 19, "comment_notifications": true}}, {"model": "wagtailcore.pagesubscription", "pk": 18, "fields": {"user": 1, "page": 20, "comment_notifications": true}}, {"model": "wagtailcore.pagesubscription", "pk": 19, "fields": {"user": 1, "page": 21, "comment_notifications": true}}, {"model": "wagtailcore.pagesubscription", "pk": 20, "fields": {"user": 1, "page": 22, "comment_notifications": true}}, {"model": "wagtailcore.pagesubscription", "pk": 21, "fields": {"user": 1, "page": 23, "comment_notifications": true}}, {"model": "wagtailcore.pagesubscription", "pk": 22, "fields": {"user": 1, "page": 24, "comment_notifications": true}}, {"model": "wagtailcore.pagesubscription", "pk": 23, "fields": {"user": 1, "page": 25, "comment_notifications": true}}, {"model": "auth.permission", "pk": 1, "fields": {"name": "Can add image", "content_type": 2, "codename": "add_image"}}, {"model": "auth.permission", "pk": 2, "fields": {"name": "Can change image", "content_type": 2, "codename": "change_image"}}, {"model": "auth.permission", "pk": 3, "fields": {"name": "Can delete image", "content_type": 2, "codename": "delete_image"}}, {"model": "auth.permission", "pk": 4, "fields": {"name": "Can choose image", "content_type": 2, "codename": "choose_image"}}, {"model": "auth.permission", "pk": 5, "fields": {"name": "Can access Wagtail admin", "content_type": 5, "codename": "access_admin"}}, {"model": "auth.permission", "pk": 6, "fields": {"name": "Can add locale", "content_type": 6, "codename": "add_locale"}}, {"model": "auth.permission", "pk": 7, "fields": {"name": "Can change locale", "content_type": 6, "codename": "change_locale"}}, {"model": "auth.permission", "pk": 8, "fields": {"name": "Can delete locale", "content_type": 6, "codename": "delete_locale"}}, {"model": "auth.permission", "pk": 9, "fields": {"name": "Can view locale", "content_type": 6, "codename": "view_locale"}}, {"model": "auth.permission", "pk": 10, "fields": {"name": "Can add site", "content_type": 7, "codename": "add_site"}}, {"model": "auth.permission", "pk": 11, "fields": {"name": "Can change site", "content_type": 7, "codename": "change_site"}}, {"model": "auth.permission", "pk": 12, "fields": {"name": "Can delete site", "content_type": 7, "codename": "delete_site"}}, {"model": "auth.permission", "pk": 13, "fields": {"name": "Can view site", "content_type": 7, "codename": "view_site"}}, {"model": "auth.permission", "pk": 14, "fields": {"name": "Can add model log entry", "content_type": 8, "codename": "add_modellogentry"}}, {"model": "auth.permission", "pk": 15, "fields": {"name": "Can change model log entry", "content_type": 8, "codename": "change_modellogentry"}}, {"model": "auth.permission", "pk": 16, "fields": {"name": "Can delete model log entry", "content_type": 8, "codename": "delete_modellogentry"}}, {"model": "auth.permission", "pk": 17, "fields": {"name": "Can view model log entry", "content_type": 8, "codename": "view_modellogentry"}}, {"model": "auth.permission", "pk": 18, "fields": {"name": "Can add collection view restriction", "content_type": 9, "codename": "add_collectionviewrestriction"}}, {"model": "auth.permission", "pk": 19, "fields": {"name": "Can change collection view restriction", "content_type": 9, "codename": "change_collectionviewrestriction"}}, {"model": "auth.permission", "pk": 20, "fields": {"name": "Can delete collection view restriction", "content_type": 9, "codename": "delete_collectionviewrestriction"}}, {"model": "auth.permission", "pk": 21, "fields": {"name": "Can view collection view restriction", "content_type": 9, "codename": "view_collectionviewrestriction"}}, {"model": "auth.permission", "pk": 22, "fields": {"name": "Can add collection", "content_type": 10, "codename": "add_collection"}}, {"model": "auth.permission", "pk": 23, "fields": {"name": "Can change collection", "content_type": 10, "codename": "change_collection"}}, {"model": "auth.permission", "pk": 24, "fields": {"name": "Can delete collection", "content_type": 10, "codename": "delete_collection"}}, {"model": "auth.permission", "pk": 25, "fields": {"name": "Can view collection", "content_type": 10, "codename": "view_collection"}}, {"model": "auth.permission", "pk": 26, "fields": {"name": "Can add group collection permission", "content_type": 11, "codename": "add_groupcollectionpermission"}}, {"model": "auth.permission", "pk": 27, "fields": {"name": "Can change group collection permission", "content_type": 11, "codename": "change_groupcollectionpermission"}}, {"model": "auth.permission", "pk": 28, "fields": {"name": "Can delete group collection permission", "content_type": 11, "codename": "delete_groupcollectionpermission"}}, {"model": "auth.permission", "pk": 29, "fields": {"name": "Can view group collection permission", "content_type": 11, "codename": "view_groupcollectionpermission"}}, {"model": "auth.permission", "pk": 30, "fields": {"name": "Can add uploaded file", "content_type": 12, "codename": "add_uploadedfile"}}, {"model": "auth.permission", "pk": 31, "fields": {"name": "Can change uploaded file", "content_type": 12, "codename": "change_uploadedfile"}}, {"model": "auth.permission", "pk": 32, "fields": {"name": "Can delete uploaded file", "content_type": 12, "codename": "delete_uploadedfile"}}, {"model": "auth.permission", "pk": 33, "fields": {"name": "Can view uploaded file", "content_type": 12, "codename": "view_uploadedfile"}}, {"model": "auth.permission", "pk": 34, "fields": {"name": "Can add reference index", "content_type": 13, "codename": "add_referenceindex"}}, {"model": "auth.permission", "pk": 35, "fields": {"name": "Can change reference index", "content_type": 13, "codename": "change_referenceindex"}}, {"model": "auth.permission", "pk": 36, "fields": {"name": "Can delete reference index", "content_type": 13, "codename": "delete_referenceindex"}}, {"model": "auth.permission", "pk": 37, "fields": {"name": "Can view reference index", "content_type": 13, "codename": "view_referenceindex"}}, {"model": "auth.permission", "pk": 38, "fields": {"name": "Can add page", "content_type": 1, "codename": "add_page"}}, {"model": "auth.permission", "pk": 39, "fields": {"name": "Can change page", "content_type": 1, "codename": "change_page"}}, {"model": "auth.permission", "pk": 40, "fields": {"name": "Can delete page", "content_type": 1, "codename": "delete_page"}}, {"model": "auth.permission", "pk": 41, "fields": {"name": "Can view page", "content_type": 1, "codename": "view_page"}}, {"model": "auth.permission", "pk": 42, "fields": {"name": "Delete pages with children", "content_type": 1, "codename": "bulk_delete_page"}}, {"model": "auth.permission", "pk": 43, "fields": {"name": "Lock/unlock pages you've locked", "content_type": 1, "codename": "lock_page"}}, {"model": "auth.permission", "pk": 44, "fields": {"name": "Publish any page", "content_type": 1, "codename": "publish_page"}}, {"model": "auth.permission", "pk": 45, "fields": {"name": "Unlock any page", "content_type": 1, "codename": "unlock_page"}}, {"model": "auth.permission", "pk": 46, "fields": {"name": "Can add revision", "content_type": 14, "codename": "add_revision"}}, {"model": "auth.permission", "pk": 47, "fields": {"name": "Can change revision", "content_type": 14, "codename": "change_revision"}}, {"model": "auth.permission", "pk": 48, "fields": {"name": "Can delete revision", "content_type": 14, "codename": "delete_revision"}}, {"model": "auth.permission", "pk": 49, "fields": {"name": "Can view revision", "content_type": 14, "codename": "view_revision"}}, {"model": "auth.permission", "pk": 50, "fields": {"name": "Can add group page permission", "content_type": 15, "codename": "add_grouppagepermission"}}, {"model": "auth.permission", "pk": 51, "fields": {"name": "Can change group page permission", "content_type": 15, "codename": "change_grouppagepermission"}}, {"model": "auth.permission", "pk": 52, "fields": {"name": "Can delete group page permission", "content_type": 15, "codename": "delete_grouppagepermission"}}, {"model": "auth.permission", "pk": 53, "fields": {"name": "Can view group page permission", "content_type": 15, "codename": "view_grouppagepermission"}}, {"model": "auth.permission", "pk": 54, "fields": {"name": "Can add page view restriction", "content_type": 16, "codename": "add_pageviewrestriction"}}, {"model": "auth.permission", "pk": 55, "fields": {"name": "Can change page view restriction", "content_type": 16, "codename": "change_pageviewrestriction"}}, {"model": "auth.permission", "pk": 56, "fields": {"name": "Can delete page view restriction", "content_type": 16, "codename": "delete_pageviewrestriction"}}, {"model": "auth.permission", "pk": 57, "fields": {"name": "Can view page view restriction", "content_type": 16, "codename": "view_pageviewrestriction"}}, {"model": "auth.permission", "pk": 58, "fields": {"name": "Can add workflow page", "content_type": 17, "codename": "add_workflowpage"}}, {"model": "auth.permission", "pk": 59, "fields": {"name": "Can change workflow page", "content_type": 17, "codename": "change_workflowpage"}}, {"model": "auth.permission", "pk": 60, "fields": {"name": "Can delete workflow page", "content_type": 17, "codename": "delete_workflowpage"}}, {"model": "auth.permission", "pk": 61, "fields": {"name": "Can view workflow page", "content_type": 17, "codename": "view_workflowpage"}}, {"model": "auth.permission", "pk": 62, "fields": {"name": "Can add workflow content type", "content_type": 18, "codename": "add_workflowcontenttype"}}, {"model": "auth.permission", "pk": 63, "fields": {"name": "Can change workflow content type", "content_type": 18, "codename": "change_workflowcontenttype"}}, {"model": "auth.permission", "pk": 64, "fields": {"name": "Can delete workflow content type", "content_type": 18, "codename": "delete_workflowcontenttype"}}, {"model": "auth.permission", "pk": 65, "fields": {"name": "Can view workflow content type", "content_type": 18, "codename": "view_workflowcontenttype"}}, {"model": "auth.permission", "pk": 66, "fields": {"name": "Can add workflow task order", "content_type": 19, "codename": "add_workflowtask"}}, {"model": "auth.permission", "pk": 67, "fields": {"name": "Can change workflow task order", "content_type": 19, "codename": "change_workflowtask"}}, {"model": "auth.permission", "pk": 68, "fields": {"name": "Can delete workflow task order", "content_type": 19, "codename": "delete_workflowtask"}}, {"model": "auth.permission", "pk": 69, "fields": {"name": "Can view workflow task order", "content_type": 19, "codename": "view_workflowtask"}}, {"model": "auth.permission", "pk": 70, "fields": {"name": "Can add task", "content_type": 20, "codename": "add_task"}}, {"model": "auth.permission", "pk": 71, "fields": {"name": "Can change task", "content_type": 20, "codename": "change_task"}}, {"model": "auth.permission", "pk": 72, "fields": {"name": "Can delete task", "content_type": 20, "codename": "delete_task"}}, {"model": "auth.permission", "pk": 73, "fields": {"name": "Can view task", "content_type": 20, "codename": "view_task"}}, {"model": "auth.permission", "pk": 74, "fields": {"name": "Can add workflow", "content_type": 21, "codename": "add_workflow"}}, {"model": "auth.permission", "pk": 75, "fields": {"name": "Can change workflow", "content_type": 21, "codename": "change_workflow"}}, {"model": "auth.permission", "pk": 76, "fields": {"name": "Can delete workflow", "content_type": 21, "codename": "delete_workflow"}}, {"model": "auth.permission", "pk": 77, "fields": {"name": "Can view workflow", "content_type": 21, "codename": "view_workflow"}}, {"model": "auth.permission", "pk": 78, "fields": {"name": "Can add Group approval task", "content_type": 4, "codename": "add_groupapprovaltask"}}, {"model": "auth.permission", "pk": 79, "fields": {"name": "Can change Group approval task", "content_type": 4, "codename": "change_groupapprovaltask"}}, {"model": "auth.permission", "pk": 80, "fields": {"name": "Can delete Group approval task", "content_type": 4, "codename": "delete_groupapprovaltask"}}, {"model": "auth.permission", "pk": 81, "fields": {"name": "Can view Group approval task", "content_type": 4, "codename": "view_groupapprovaltask"}}, {"model": "auth.permission", "pk": 82, "fields": {"name": "Can add Workflow state", "content_type": 22, "codename": "add_workflowstate"}}, {"model": "auth.permission", "pk": 83, "fields": {"name": "Can change Workflow state", "content_type": 22, "codename": "change_workflowstate"}}, {"model": "auth.permission", "pk": 84, "fields": {"name": "Can delete Workflow state", "content_type": 22, "codename": "delete_workflowstate"}}, {"model": "auth.permission", "pk": 85, "fields": {"name": "Can view Workflow state", "content_type": 22, "codename": "view_workflowstate"}}, {"model": "auth.permission", "pk": 86, "fields": {"name": "Can add Task state", "content_type": 23, "codename": "add_taskstate"}}, {"model": "auth.permission", "pk": 87, "fields": {"name": "Can change Task state", "content_type": 23, "codename": "change_taskstate"}}, {"model": "auth.permission", "pk": 88, "fields": {"name": "Can delete Task state", "content_type": 23, "codename": "delete_taskstate"}}, {"model": "auth.permission", "pk": 89, "fields": {"name": "Can view Task state", "content_type": 23, "codename": "view_taskstate"}}, {"model": "auth.permission", "pk": 90, "fields": {"name": "Can add page log entry", "content_type": 24, "codename": "add_pagelogentry"}}, {"model": "auth.permission", "pk": 91, "fields": {"name": "Can change page log entry", "content_type": 24, "codename": "change_pagelogentry"}}, {"model": "auth.permission", "pk": 92, "fields": {"name": "Can delete page log entry", "content_type": 24, "codename": "delete_pagelogentry"}}, {"model": "auth.permission", "pk": 93, "fields": {"name": "Can view page log entry", "content_type": 24, "codename": "view_pagelogentry"}}, {"model": "auth.permission", "pk": 94, "fields": {"name": "Can add comment", "content_type": 25, "codename": "add_comment"}}, {"model": "auth.permission", "pk": 95, "fields": {"name": "Can change comment", "content_type": 25, "codename": "change_comment"}}, {"model": "auth.permission", "pk": 96, "fields": {"name": "Can delete comment", "content_type": 25, "codename": "delete_comment"}}, {"model": "auth.permission", "pk": 97, "fields": {"name": "Can view comment", "content_type": 25, "codename": "view_comment"}}, {"model": "auth.permission", "pk": 98, "fields": {"name": "Can add comment reply", "content_type": 26, "codename": "add_commentreply"}}, {"model": "auth.permission", "pk": 99, "fields": {"name": "Can change comment reply", "content_type": 26, "codename": "change_commentreply"}}, {"model": "auth.permission", "pk": 100, "fields": {"name": "Can delete comment reply", "content_type": 26, "codename": "delete_commentreply"}}, {"model": "auth.permission", "pk": 101, "fields": {"name": "Can view comment reply", "content_type": 26, "codename": "view_commentreply"}}, {"model": "auth.permission", "pk": 102, "fields": {"name": "Can add page subscription", "content_type": 27, "codename": "add_pagesubscription"}}, {"model": "auth.permission", "pk": 103, "fields": {"name": "Can change page subscription", "content_type": 27, "codename": "change_pagesubscription"}}, {"model": "auth.permission", "pk": 104, "fields": {"name": "Can delete page subscription", "content_type": 27, "codename": "delete_pagesubscription"}}, {"model": "auth.permission", "pk": 105, "fields": {"name": "Can view page subscription", "content_type": 27, "codename": "view_pagesubscription"}}, {"model": "auth.permission", "pk": 106, "fields": {"name": "Can add query", "content_type": 28, "codename": "add_query"}}, {"model": "auth.permission", "pk": 107, "fields": {"name": "Can change query", "content_type": 28, "codename": "change_query"}}, {"model": "auth.permission", "pk": 108, "fields": {"name": "Can delete query", "content_type": 28, "codename": "delete_query"}}, {"model": "auth.permission", "pk": 109, "fields": {"name": "Can view query", "content_type": 28, "codename": "view_query"}}, {"model": "auth.permission", "pk": 110, "fields": {"name": "Can add Query Daily Hits", "content_type": 29, "codename": "add_querydailyhits"}}, {"model": "auth.permission", "pk": 111, "fields": {"name": "Can change Query Daily Hits", "content_type": 29, "codename": "change_querydailyhits"}}, {"model": "auth.permission", "pk": 112, "fields": {"name": "Can delete Query Daily Hits", "content_type": 29, "codename": "delete_querydailyhits"}}, {"model": "auth.permission", "pk": 113, "fields": {"name": "Can view Query Daily Hits", "content_type": 29, "codename": "view_querydailyhits"}}, {"model": "auth.permission", "pk": 114, "fields": {"name": "Can add search promotion", "content_type": 30, "codename": "add_searchpromotion"}}, {"model": "auth.permission", "pk": 115, "fields": {"name": "Can change search promotion", "content_type": 30, "codename": "change_searchpromotion"}}, {"model": "auth.permission", "pk": 116, "fields": {"name": "Can delete search promotion", "content_type": 30, "codename": "delete_searchpromotion"}}, {"model": "auth.permission", "pk": 117, "fields": {"name": "Can view search promotion", "content_type": 30, "codename": "view_searchpromotion"}}, {"model": "auth.permission", "pk": 118, "fields": {"name": "Can add document", "content_type": 31, "codename": "add_document"}}, {"model": "auth.permission", "pk": 119, "fields": {"name": "Can change document", "content_type": 31, "codename": "change_document"}}, {"model": "auth.permission", "pk": 120, "fields": {"name": "Can delete document", "content_type": 31, "codename": "delete_document"}}, {"model": "auth.permission", "pk": 121, "fields": {"name": "Can choose document", "content_type": 31, "codename": "choose_document"}}, {"model": "auth.permission", "pk": 122, "fields": {"name": "Can add Home Page", "content_type": 3, "codename": "add_homepage"}}, {"model": "auth.permission", "pk": 123, "fields": {"name": "Can change Home Page", "content_type": 3, "codename": "change_homepage"}}, {"model": "auth.permission", "pk": 124, "fields": {"name": "Can delete Home Page", "content_type": 3, "codename": "delete_homepage"}}, {"model": "auth.permission", "pk": 125, "fields": {"name": "Can view Home Page", "content_type": 3, "codename": "view_homepage"}}, {"model": "auth.permission", "pk": 126, "fields": {"name": "Can add home page carousel images", "content_type": 32, "codename": "add_homepagecarouselimages"}}, {"model": "auth.permission", "pk": 127, "fields": {"name": "Can change home page carousel images", "content_type": 32, "codename": "change_homepagecarouselimages"}}, {"model": "auth.permission", "pk": 128, "fields": {"name": "Can delete home page carousel images", "content_type": 32, "codename": "delete_homepagecarouselimages"}}, {"model": "auth.permission", "pk": 129, "fields": {"name": "Can view home page carousel images", "content_type": 32, "codename": "view_homepagecarouselimages"}}, {"model": "auth.permission", "pk": 130, "fields": {"name": "Can add curated topic index page", "content_type": 33, "codename": "add_curatedtopicindexpage"}}, {"model": "auth.permission", "pk": 131, "fields": {"name": "Can change curated topic index page", "content_type": 33, "codename": "change_curatedtopicindexpage"}}, {"model": "auth.permission", "pk": 132, "fields": {"name": "Can delete curated topic index page", "content_type": 33, "codename": "delete_curatedtopicindexpage"}}, {"model": "auth.permission", "pk": 133, "fields": {"name": "Can view curated topic index page", "content_type": 33, "codename": "view_curatedtopicindexpage"}}, {"model": "auth.permission", "pk": 134, "fields": {"name": "Can add exhibit index page", "content_type": 34, "codename": "add_exhibitindexpage"}}, {"model": "auth.permission", "pk": 135, "fields": {"name": "Can change exhibit index page", "content_type": 34, "codename": "change_exhibitindexpage"}}, {"model": "auth.permission", "pk": 136, "fields": {"name": "Can delete exhibit index page", "content_type": 34, "codename": "delete_exhibitindexpage"}}, {"model": "auth.permission", "pk": 137, "fields": {"name": "Can view exhibit index page", "content_type": 34, "codename": "view_exhibitindexpage"}}, {"model": "auth.permission", "pk": 138, "fields": {"name": "Can add exhibit page", "content_type": 35, "codename": "add_exhibitpage"}}, {"model": "auth.permission", "pk": 139, "fields": {"name": "Can change exhibit page", "content_type": 35, "codename": "change_exhibitpage"}}, {"model": "auth.permission", "pk": 140, "fields": {"name": "Can delete exhibit page", "content_type": 35, "codename": "delete_exhibitpage"}}, {"model": "auth.permission", "pk": 141, "fields": {"name": "Can view exhibit page", "content_type": 35, "codename": "view_exhibitpage"}}, {"model": "auth.permission", "pk": 142, "fields": {"name": "Can add portal home page", "content_type": 36, "codename": "add_portalhomepage"}}, {"model": "auth.permission", "pk": 143, "fields": {"name": "Can change portal home page", "content_type": 36, "codename": "change_portalhomepage"}}, {"model": "auth.permission", "pk": 144, "fields": {"name": "Can delete portal home page", "content_type": 36, "codename": "delete_portalhomepage"}}, {"model": "auth.permission", "pk": 145, "fields": {"name": "Can view portal home page", "content_type": 36, "codename": "view_portalhomepage"}}, {"model": "auth.permission", "pk": 146, "fields": {"name": "Can add exhibit page side bar", "content_type": 37, "codename": "add_exhibitpagesidebar"}}, {"model": "auth.permission", "pk": 147, "fields": {"name": "Can change exhibit page side bar", "content_type": 37, "codename": "change_exhibitpagesidebar"}}, {"model": "auth.permission", "pk": 148, "fields": {"name": "Can delete exhibit page side bar", "content_type": 37, "codename": "delete_exhibitpagesidebar"}}, {"model": "auth.permission", "pk": 149, "fields": {"name": "Can view exhibit page side bar", "content_type": 37, "codename": "view_exhibitpagesidebar"}}, {"model": "auth.permission", "pk": 150, "fields": {"name": "Can add exhibit index side bar", "content_type": 38, "codename": "add_exhibitindexsidebar"}}, {"model": "auth.permission", "pk": 151, "fields": {"name": "Can change exhibit index side bar", "content_type": 38, "codename": "change_exhibitindexsidebar"}}, {"model": "auth.permission", "pk": 152, "fields": {"name": "Can delete exhibit index side bar", "content_type": 38, "codename": "delete_exhibitindexsidebar"}}, {"model": "auth.permission", "pk": 153, "fields": {"name": "Can view exhibit index side bar", "content_type": 38, "codename": "view_exhibitindexsidebar"}}, {"model": "auth.permission", "pk": 154, "fields": {"name": "Can add curated topic page", "content_type": 39, "codename": "add_curatedtopicpage"}}, {"model": "auth.permission", "pk": 155, "fields": {"name": "Can change curated topic page", "content_type": 39, "codename": "change_curatedtopicpage"}}, {"model": "auth.permission", "pk": 156, "fields": {"name": "Can delete curated topic page", "content_type": 39, "codename": "delete_curatedtopicpage"}}, {"model": "auth.permission", "pk": 157, "fields": {"name": "Can view curated topic page", "content_type": 39, "codename": "view_curatedtopicpage"}}, {"model": "auth.permission", "pk": 158, "fields": {"name": "Can add curated topic index side bar", "content_type": 40, "codename": "add_curatedtopicindexsidebar"}}, {"model": "auth.permission", "pk": 159, "fields": {"name": "Can change curated topic index side bar", "content_type": 40, "codename": "change_curatedtopicindexsidebar"}}, {"model": "auth.permission", "pk": 160, "fields": {"name": "Can delete curated topic index side bar", "content_type": 40, "codename": "delete_curatedtopicindexsidebar"}}, {"model": "auth.permission", "pk": 161, "fields": {"name": "Can view curated topic index side bar", "content_type": 40, "codename": "view_curatedtopicindexsidebar"}}, {"model": "auth.permission", "pk": 162, "fields": {"name": "Can add archive", "content_type": 41, "codename": "add_archive"}}, {"model": "auth.permission", "pk": 163, "fields": {"name": "Can change archive", "content_type": 41, "codename": "change_archive"}}, {"model": "auth.permission", "pk": 164, "fields": {"name": "Can delete archive", "content_type": 41, "codename": "delete_archive"}}, {"model": "auth.permission", "pk": 165, "fields": {"name": "Can view archive", "content_type": 41, "codename": "view_archive"}}, {"model": "auth.permission", "pk": 166, "fields": {"name": "Can add portal standard page", "content_type": 42, "codename": "add_portalstandardpage"}}, {"model": "auth.permission", "pk": 167, "fields": {"name": "Can change portal standard page", "content_type": 42, "codename": "change_portalstandardpage"}}, {"model": "auth.permission", "pk": 168, "fields": {"name": "Can delete portal standard page", "content_type": 42, "codename": "delete_portalstandardpage"}}, {"model": "auth.permission", "pk": 169, "fields": {"name": "Can view portal standard page", "content_type": 42, "codename": "view_portalstandardpage"}}, {"model": "auth.permission", "pk": 170, "fields": {"name": "Can add portal standard side bar", "content_type": 43, "codename": "add_portalstandardsidebar"}}, {"model": "auth.permission", "pk": 171, "fields": {"name": "Can change portal standard side bar", "content_type": 43, "codename": "change_portalstandardsidebar"}}, {"model": "auth.permission", "pk": 172, "fields": {"name": "Can delete portal standard side bar", "content_type": 43, "codename": "delete_portalstandardsidebar"}}, {"model": "auth.permission", "pk": 173, "fields": {"name": "Can view portal standard side bar", "content_type": 43, "codename": "view_portalstandardsidebar"}}, {"model": "auth.permission", "pk": 174, "fields": {"name": "Can add Standard Page", "content_type": 44, "codename": "add_standardpage"}}, {"model": "auth.permission", "pk": 175, "fields": {"name": "Can change Standard Page", "content_type": 44, "codename": "change_standardpage"}}, {"model": "auth.permission", "pk": 176, "fields": {"name": "Can delete Standard Page", "content_type": 44, "codename": "delete_standardpage"}}, {"model": "auth.permission", "pk": 177, "fields": {"name": "Can view Standard Page", "content_type": 44, "codename": "view_standardpage"}}, {"model": "auth.permission", "pk": 178, "fields": {"name": "Can add side bar", "content_type": 45, "codename": "add_sidebar"}}, {"model": "auth.permission", "pk": 179, "fields": {"name": "Can change side bar", "content_type": 45, "codename": "change_sidebar"}}, {"model": "auth.permission", "pk": 180, "fields": {"name": "Can delete side bar", "content_type": 45, "codename": "delete_sidebar"}}, {"model": "auth.permission", "pk": 181, "fields": {"name": "Can view side bar", "content_type": 45, "codename": "view_sidebar"}}, {"model": "auth.permission", "pk": 182, "fields": {"name": "Can add news index page", "content_type": 46, "codename": "add_newsindexpage"}}, {"model": "auth.permission", "pk": 183, "fields": {"name": "Can change news index page", "content_type": 46, "codename": "change_newsindexpage"}}, {"model": "auth.permission", "pk": 184, "fields": {"name": "Can delete news index page", "content_type": 46, "codename": "delete_newsindexpage"}}, {"model": "auth.permission", "pk": 185, "fields": {"name": "Can view news index page", "content_type": 46, "codename": "view_newsindexpage"}}, {"model": "auth.permission", "pk": 186, "fields": {"name": "Can add News Story", "content_type": 47, "codename": "add_newsstorypage"}}, {"model": "auth.permission", "pk": 187, "fields": {"name": "Can change News Story", "content_type": 47, "codename": "change_newsstorypage"}}, {"model": "auth.permission", "pk": 188, "fields": {"name": "Can delete News Story", "content_type": 47, "codename": "delete_newsstorypage"}}, {"model": "auth.permission", "pk": 189, "fields": {"name": "Can view News Story", "content_type": 47, "codename": "view_newsstorypage"}}, {"model": "auth.permission", "pk": 190, "fields": {"name": "Can add news side bar", "content_type": 48, "codename": "add_newssidebar"}}, {"model": "auth.permission", "pk": 191, "fields": {"name": "Can change news side bar", "content_type": 48, "codename": "change_newssidebar"}}, {"model": "auth.permission", "pk": 192, "fields": {"name": "Can delete news side bar", "content_type": 48, "codename": "delete_newssidebar"}}, {"model": "auth.permission", "pk": 193, "fields": {"name": "Can view news side bar", "content_type": 48, "codename": "view_newssidebar"}}, {"model": "auth.permission", "pk": 194, "fields": {"name": "Can add Newsletter Form", "content_type": 49, "codename": "add_newslettersignuppage"}}, {"model": "auth.permission", "pk": 195, "fields": {"name": "Can change Newsletter Form", "content_type": 49, "codename": "change_newslettersignuppage"}}, {"model": "auth.permission", "pk": 196, "fields": {"name": "Can delete Newsletter Form", "content_type": 49, "codename": "delete_newslettersignuppage"}}, {"model": "auth.permission", "pk": 197, "fields": {"name": "Can view Newsletter Form", "content_type": 49, "codename": "view_newslettersignuppage"}}, {"model": "auth.permission", "pk": 198, "fields": {"name": "Can add footer settings", "content_type": 50, "codename": "add_footersettings"}}, {"model": "auth.permission", "pk": 199, "fields": {"name": "Can change footer settings", "content_type": 50, "codename": "change_footersettings"}}, {"model": "auth.permission", "pk": 200, "fields": {"name": "Can delete footer settings", "content_type": 50, "codename": "delete_footersettings"}}, {"model": "auth.permission", "pk": 201, "fields": {"name": "Can view footer settings", "content_type": 50, "codename": "view_footersettings"}}, {"model": "auth.permission", "pk": 202, "fields": {"name": "Can add alert banner", "content_type": 51, "codename": "add_alertbanner"}}, {"model": "auth.permission", "pk": 203, "fields": {"name": "Can change alert banner", "content_type": 51, "codename": "change_alertbanner"}}, {"model": "auth.permission", "pk": 204, "fields": {"name": "Can delete alert banner", "content_type": 51, "codename": "delete_alertbanner"}}, {"model": "auth.permission", "pk": 205, "fields": {"name": "Can view alert banner", "content_type": 51, "codename": "view_alertbanner"}}, {"model": "auth.permission", "pk": 206, "fields": {"name": "Can add Member Collection Index Page", "content_type": 52, "codename": "add_membcollectionindexpage"}}, {"model": "auth.permission", "pk": 207, "fields": {"name": "Can change Member Collection Index Page", "content_type": 52, "codename": "change_membcollectionindexpage"}}, {"model": "auth.permission", "pk": 208, "fields": {"name": "Can delete Member Collection Index Page", "content_type": 52, "codename": "delete_membcollectionindexpage"}}, {"model": "auth.permission", "pk": 209, "fields": {"name": "Can view Member Collection Index Page", "content_type": 52, "codename": "view_membcollectionindexpage"}}, {"model": "auth.permission", "pk": 210, "fields": {"name": "Can add side bar", "content_type": 53, "codename": "add_sidebar"}}, {"model": "auth.permission", "pk": 211, "fields": {"name": "Can change side bar", "content_type": 53, "codename": "change_sidebar"}}, {"model": "auth.permission", "pk": 212, "fields": {"name": "Can delete side bar", "content_type": 53, "codename": "delete_sidebar"}}, {"model": "auth.permission", "pk": 213, "fields": {"name": "Can view side bar", "content_type": 53, "codename": "view_sidebar"}}, {"model": "auth.permission", "pk": 214, "fields": {"name": "Can add form submission", "content_type": 54, "codename": "add_formsubmission"}}, {"model": "auth.permission", "pk": 215, "fields": {"name": "Can change form submission", "content_type": 54, "codename": "change_formsubmission"}}, {"model": "auth.permission", "pk": 216, "fields": {"name": "Can delete form submission", "content_type": 54, "codename": "delete_formsubmission"}}, {"model": "auth.permission", "pk": 217, "fields": {"name": "Can view form submission", "content_type": 54, "codename": "view_formsubmission"}}, {"model": "auth.permission", "pk": 218, "fields": {"name": "Can add redirect", "content_type": 55, "codename": "add_redirect"}}, {"model": "auth.permission", "pk": 219, "fields": {"name": "Can change redirect", "content_type": 55, "codename": "change_redirect"}}, {"model": "auth.permission", "pk": 220, "fields": {"name": "Can delete redirect", "content_type": 55, "codename": "delete_redirect"}}, {"model": "auth.permission", "pk": 221, "fields": {"name": "Can view redirect", "content_type": 55, "codename": "view_redirect"}}, {"model": "auth.permission", "pk": 222, "fields": {"name": "Can add embed", "content_type": 56, "codename": "add_embed"}}, {"model": "auth.permission", "pk": 223, "fields": {"name": "Can change embed", "content_type": 56, "codename": "change_embed"}}, {"model": "auth.permission", "pk": 224, "fields": {"name": "Can delete embed", "content_type": 56, "codename": "delete_embed"}}, {"model": "auth.permission", "pk": 225, "fields": {"name": "Can view embed", "content_type": 56, "codename": "view_embed"}}, {"model": "auth.permission", "pk": 226, "fields": {"name": "Can add user profile", "content_type": 57, "codename": "add_userprofile"}}, {"model": "auth.permission", "pk": 227, "fields": {"name": "Can change user profile", "content_type": 57, "codename": "change_userprofile"}}, {"model": "auth.permission", "pk": 228, "fields": {"name": "Can delete user profile", "content_type": 57, "codename": "delete_userprofile"}}, {"model": "auth.permission", "pk": 229, "fields": {"name": "Can view user profile", "content_type": 57, "codename": "view_userprofile"}}, {"model": "auth.permission", "pk": 230, "fields": {"name": "Can view document", "content_type": 31, "codename": "view_document"}}, {"model": "auth.permission", "pk": 231, "fields": {"name": "Can view image", "content_type": 2, "codename": "view_image"}}, {"model": "auth.permission", "pk": 232, "fields": {"name": "Can add rendition", "content_type": 58, "codename": "add_rendition"}}, {"model": "auth.permission", "pk": 233, "fields": {"name": "Can change rendition", "content_type": 58, "codename": "change_rendition"}}, {"model": "auth.permission", "pk": 234, "fields": {"name": "Can delete rendition", "content_type": 58, "codename": "delete_rendition"}}, {"model": "auth.permission", "pk": 235, "fields": {"name": "Can view rendition", "content_type": 58, "codename": "view_rendition"}}, {"model": "auth.permission", "pk": 236, "fields": {"name": "Can add index entry", "content_type": 59, "codename": "add_indexentry"}}, {"model": "auth.permission", "pk": 237, "fields": {"name": "Can change index entry", "content_type": 59, "codename": "change_indexentry"}}, {"model": "auth.permission", "pk": 238, "fields": {"name": "Can delete index entry", "content_type": 59, "codename": "delete_indexentry"}}, {"model": "auth.permission", "pk": 239, "fields": {"name": "Can view index entry", "content_type": 59, "codename": "view_indexentry"}}, {"model": "auth.permission", "pk": 240, "fields": {"name": "Can add tag", "content_type": 60, "codename": "add_tag"}}, {"model": "auth.permission", "pk": 241, "fields": {"name": "Can change tag", "content_type": 60, "codename": "change_tag"}}, {"model": "auth.permission", "pk": 242, "fields": {"name": "Can delete tag", "content_type": 60, "codename": "delete_tag"}}, {"model": "auth.permission", "pk": 243, "fields": {"name": "Can view tag", "content_type": 60, "codename": "view_tag"}}, {"model": "auth.permission", "pk": 244, "fields": {"name": "Can add tagged item", "content_type": 61, "codename": "add_taggeditem"}}, {"model": "auth.permission", "pk": 245, "fields": {"name": "Can change tagged item", "content_type": 61, "codename": "change_taggeditem"}}, {"model": "auth.permission", "pk": 246, "fields": {"name": "Can delete tagged item", "content_type": 61, "codename": "delete_taggeditem"}}, {"model": "auth.permission", "pk": 247, "fields": {"name": "Can view tagged item", "content_type": 61, "codename": "view_taggeditem"}}, {"model": "auth.permission", "pk": 248, "fields": {"name": "Can add log entry", "content_type": 62, "codename": "add_logentry"}}, {"model": "auth.permission", "pk": 249, "fields": {"name": "Can change log entry", "content_type": 62, "codename": "change_logentry"}}, {"model": "auth.permission", "pk": 250, "fields": {"name": "Can delete log entry", "content_type": 62, "codename": "delete_logentry"}}, {"model": "auth.permission", "pk": 251, "fields": {"name": "Can view log entry", "content_type": 62, "codename": "view_logentry"}}, {"model": "auth.permission", "pk": 252, "fields": {"name": "Can add permission", "content_type": 63, "codename": "add_permission"}}, {"model": "auth.permission", "pk": 253, "fields": {"name": "Can change permission", "content_type": 63, "codename": "change_permission"}}, {"model": "auth.permission", "pk": 254, "fields": {"name": "Can delete permission", "content_type": 63, "codename": "delete_permission"}}, {"model": "auth.permission", "pk": 255, "fields": {"name": "Can view permission", "content_type": 63, "codename": "view_permission"}}, {"model": "auth.permission", "pk": 256, "fields": {"name": "Can add group", "content_type": 64, "codename": "add_group"}}, {"model": "auth.permission", "pk": 257, "fields": {"name": "Can change group", "content_type": 64, "codename": "change_group"}}, {"model": "auth.permission", "pk": 258, "fields": {"name": "Can delete group", "content_type": 64, "codename": "delete_group"}}, {"model": "auth.permission", "pk": 259, "fields": {"name": "Can view group", "content_type": 64, "codename": "view_group"}}, {"model": "auth.permission", "pk": 260, "fields": {"name": "Can add user", "content_type": 65, "codename": "add_user"}}, {"model": "auth.permission", "pk": 261, "fields": {"name": "Can change user", "content_type": 65, "codename": "change_user"}}, {"model": "auth.permission", "pk": 262, "fields": {"name": "Can delete user", "content_type": 65, "codename": "delete_user"}}, {"model": "auth.permission", "pk": 263, "fields": {"name": "Can view user", "content_type": 65, "codename": "view_user"}}, {"model": "auth.permission", "pk": 264, "fields": {"name": "Can add content type", "content_type": 66, "codename": "add_contenttype"}}, {"model": "auth.permission", "pk": 265, "fields": {"name": "Can change content type", "content_type": 66, "codename": "change_contenttype"}}, {"model": "auth.permission", "pk": 266, "fields": {"name": "Can delete content type", "content_type": 66, "codename": "delete_contenttype"}}, {"model": "auth.permission", "pk": 267, "fields": {"name": "Can view content type", "content_type": 66, "codename": "view_contenttype"}}, {"model": "auth.permission", "pk": 268, "fields": {"name": "Can add session", "content_type": 67, "codename": "add_session"}}, {"model": "auth.permission", "pk": 269, "fields": {"name": "Can change session", "content_type": 67, "codename": "change_session"}}, {"model": "auth.permission", "pk": 270, "fields": {"name": "Can delete session", "content_type": 67, "codename": "delete_session"}}, {"model": "auth.permission", "pk": 271, "fields": {"name": "Can view session", "content_type": 67, "codename": "view_session"}}, {"model": "auth.group", "pk": 1, "fields": {"name": "Moderators", "permissions": [5, 118, 119, 121, 120, 1, 2, 3]}}, {"model": "auth.group", "pk": 2, "fields": {"name": "Editors", "permissions": [5, 118, 119, 121, 120, 1, 2, 3]}}, {"model": "auth.user", "pk": 1, "fields": {"password": "pbkdf2_sha256$720000$6g3f5lMdEmD7TScyaMAxf6$labjhCjpfxeQwDoi/119mSUPUaxJSkchCeDyLTh26JY=", "last_login": "2024-08-01T14:39:37.774Z", "is_superuser": true, "username": "darthvader", "first_name": "", "last_name": "", "email": "vader@deathstar.com", "is_staff": true, "is_active": true, "date_joined": "2024-08-01T14:19:09.878Z", "groups": [], "user_permissions": []}}, {"model": "contenttypes.contenttype", "pk": 1, "fields": {"app_label": "wagtailcore", "model": "page"}}, {"model": "contenttypes.contenttype", "pk": 2, "fields": {"app_label": "wagtailimages", "model": "image"}}, {"model": "contenttypes.contenttype", "pk": 3, "fields": {"app_label": "home", "model": "homepage"}}, {"model": "contenttypes.contenttype", "pk": 4, "fields": {"app_label": "wagtailcore", "model": "groupapprovaltask"}}, {"model": "contenttypes.contenttype", "pk": 5, "fields": {"app_label": "wagtailadmin", "model": "admin"}}, {"model": "contenttypes.contenttype", "pk": 6, "fields": {"app_label": "wagtailcore", "model": "locale"}}, {"model": "contenttypes.contenttype", "pk": 7, "fields": {"app_label": "wagtailcore", "model": "site"}}, {"model": "contenttypes.contenttype", "pk": 8, "fields": {"app_label": "wagtailcore", "model": "modellogentry"}}, {"model": "contenttypes.contenttype", "pk": 9, "fields": {"app_label": "wagtailcore", "model": "collectionviewrestriction"}}, {"model": "contenttypes.contenttype", "pk": 10, "fields": {"app_label": "wagtailcore", "model": "collection"}}, {"model": "contenttypes.contenttype", "pk": 11, "fields": {"app_label": "wagtailcore", "model": "groupcollectionpermission"}}, {"model": "contenttypes.contenttype", "pk": 12, "fields": {"app_label": "wagtailcore", "model": "uploadedfile"}}, {"model": "contenttypes.contenttype", "pk": 13, "fields": {"app_label": "wagtailcore", "model": "referenceindex"}}, {"model": "contenttypes.contenttype", "pk": 14, "fields": {"app_label": "wagtailcore", "model": "revision"}}, {"model": "contenttypes.contenttype", "pk": 15, "fields": {"app_label": "wagtailcore", "model": "grouppagepermission"}}, {"model": "contenttypes.contenttype", "pk": 16, "fields": {"app_label": "wagtailcore", "model": "pageviewrestriction"}}, {"model": "contenttypes.contenttype", "pk": 17, "fields": {"app_label": "wagtailcore", "model": "workflowpage"}}, {"model": "contenttypes.contenttype", "pk": 18, "fields": {"app_label": "wagtailcore", "model": "workflowcontenttype"}}, {"model": "contenttypes.contenttype", "pk": 19, "fields": {"app_label": "wagtailcore", "model": "workflowtask"}}, {"model": "contenttypes.contenttype", "pk": 20, "fields": {"app_label": "wagtailcore", "model": "task"}}, {"model": "contenttypes.contenttype", "pk": 21, "fields": {"app_label": "wagtailcore", "model": "workflow"}}, {"model": "contenttypes.contenttype", "pk": 22, "fields": {"app_label": "wagtailcore", "model": "workflowstate"}}, {"model": "contenttypes.contenttype", "pk": 23, "fields": {"app_label": "wagtailcore", "model": "taskstate"}}, {"model": "contenttypes.contenttype", "pk": 24, "fields": {"app_label": "wagtailcore", "model": "pagelogentry"}}, {"model": "contenttypes.contenttype", "pk": 25, "fields": {"app_label": "wagtailcore", "model": "comment"}}, {"model": "contenttypes.contenttype", "pk": 26, "fields": {"app_label": "wagtailcore", "model": "commentreply"}}, {"model": "contenttypes.contenttype", "pk": 27, "fields": {"app_label": "wagtailcore", "model": "pagesubscription"}}, {"model": "contenttypes.contenttype", "pk": 28, "fields": {"app_label": "wagtailcore", "model": "query"}}, {"model": "contenttypes.contenttype", "pk": 29, "fields": {"app_label": "wagtailcore", "model": "querydailyhits"}}, {"model": "contenttypes.contenttype", "pk": 30, "fields": {"app_label": "wagtailcore", "model": "searchpromotion"}}, {"model": "contenttypes.contenttype", "pk": 31, "fields": {"app_label": "wagtaildocs", "model": "document"}}, {"model": "contenttypes.contenttype", "pk": 32, "fields": {"app_label": "home", "model": "homepagecarouselimages"}}, {"model": "contenttypes.contenttype", "pk": 33, "fields": {"app_label": "portal", "model": "curatedtopicindexpage"}}, {"model": "contenttypes.contenttype", "pk": 34, "fields": {"app_label": "portal", "model": "exhibitindexpage"}}, {"model": "contenttypes.contenttype", "pk": 35, "fields": {"app_label": "portal", "model": "exhibitpage"}}, {"model": "contenttypes.contenttype", "pk": 36, "fields": {"app_label": "portal", "model": "portalhomepage"}}, {"model": "contenttypes.contenttype", "pk": 37, "fields": {"app_label": "portal", "model": "exhibitpagesidebar"}}, {"model": "contenttypes.contenttype", "pk": 38, "fields": {"app_label": "portal", "model": "exhibitindexsidebar"}}, {"model": "contenttypes.contenttype", "pk": 39, "fields": {"app_label": "portal", "model": "curatedtopicpage"}}, {"model": "contenttypes.contenttype", "pk": 40, "fields": {"app_label": "portal", "model": "curatedtopicindexsidebar"}}, {"model": "contenttypes.contenttype", "pk": 41, "fields": {"app_label": "portal", "model": "archive"}}, {"model": "contenttypes.contenttype", "pk": 42, "fields": {"app_label": "portal", "model": "portalstandardpage"}}, {"model": "contenttypes.contenttype", "pk": 43, "fields": {"app_label": "portal", "model": "portalstandardsidebar"}}, {"model": "contenttypes.contenttype", "pk": 44, "fields": {"app_label": "standard", "model": "standardpage"}}, {"model": "contenttypes.contenttype", "pk": 45, "fields": {"app_label": "standard", "model": "sidebar"}}, {"model": "contenttypes.contenttype", "pk": 46, "fields": {"app_label": "news", "model": "newsindexpage"}}, {"model": "contenttypes.contenttype", "pk": 47, "fields": {"app_label": "news", "model": "newsstorypage"}}, {"model": "contenttypes.contenttype", "pk": 48, "fields": {"app_label": "news", "model": "newssidebar"}}, {"model": "contenttypes.contenttype", "pk": 49, "fields": {"app_label": "news", "model": "newslettersignuppage"}}, {"model": "contenttypes.contenttype", "pk": 50, "fields": {"app_label": "site_settings", "model": "footersettings"}}, {"model": "contenttypes.contenttype", "pk": 51, "fields": {"app_label": "site_settings", "model": "alertbanner"}}, {"model": "contenttypes.contenttype", "pk": 52, "fields": {"app_label": "memb_collections", "model": "membcollectionindexpage"}}, {"model": "contenttypes.contenttype", "pk": 53, "fields": {"app_label": "memb_collections", "model": "sidebar"}}, {"model": "contenttypes.contenttype", "pk": 54, "fields": {"app_label": "wagtailforms", "model": "formsubmission"}}, {"model": "contenttypes.contenttype", "pk": 55, "fields": {"app_label": "wagtailredirects", "model": "redirect"}}, {"model": "contenttypes.contenttype", "pk": 56, "fields": {"app_label": "wagtailembeds", "model": "embed"}}, {"model": "contenttypes.contenttype", "pk": 57, "fields": {"app_label": "wagtailusers", "model": "userprofile"}}, {"model": "contenttypes.contenttype", "pk": 58, "fields": {"app_label": "wagtailimages", "model": "rendition"}}, {"model": "contenttypes.contenttype", "pk": 59, "fields": {"app_label": "wagtailsearch", "model": "indexentry"}}, {"model": "contenttypes.contenttype", "pk": 60, "fields": {"app_label": "taggit", "model": "tag"}}, {"model": "contenttypes.contenttype", "pk": 61, "fields": {"app_label": "taggit", "model": "taggeditem"}}, {"model": "contenttypes.contenttype", "pk": 62, "fields": {"app_label": "admin", "model": "logentry"}}, {"model": "contenttypes.contenttype", "pk": 63, "fields": {"app_label": "auth", "model": "permission"}}, {"model": "contenttypes.contenttype", "pk": 64, "fields": {"app_label": "auth", "model": "group"}}, {"model": "contenttypes.contenttype", "pk": 65, "fields": {"app_label": "auth", "model": "user"}}, {"model": "contenttypes.contenttype", "pk": 66, "fields": {"app_label": "contenttypes", "model": "contenttype"}}, {"model": "contenttypes.contenttype", "pk": 67, "fields": {"app_label": "sessions", "model": "session"}}, {"model": "sessions.session", "pk": "2h8kibtn0c1uwuusgjoe8uo9ky9q87gf", "fields": {"session_data": ".eJxVjEEOwiAQRe_C2hBoaaFduvcMZBhmLGrAlDbRGO-uTbrQ7X_vv5fwsC6TXyvNPkUxCi0Ov1sAvFLeQLxAPheJJS9zCnJT5E6rPJVIt-Pu_gUmqNP3rRqrQ2BiVh06BgdoWzAKe-N0MwzRAEHsWVlrnbGIjaPeta1mBuCu26KVak0le3rc0_wUo3p_AK5SP6o:1sZWxt:uw5ULPAsO7NmQ0InIfU3LDzba7UR9rAjm1oGjpVvmQI", "expire_date": "2024-08-15T14:39:37.778Z"}}, {"model": "sessions.session", "pk": "6ou4cdunw6echf3oj3256u516mi02sot", "fields": {"session_data": ".eJxVjEEOwiAQRe_C2hBoaaFduvcMZBhmLGrAlDbRGO-uTbrQ7X_vv5fwsC6TXyvNPkUxCi0Ov1sAvFLeQLxAPheJJS9zCnJT5E6rPJVIt-Pu_gUmqNP3rRqrQ2BiVh06BgdoWzAKe-N0MwzRAEHsWVlrnbGIjaPeta1mBuCu26KVak0le3rc0_wUo3p_AK5SP6o:1sZWeW:ckehJ1Cs8bJnYMRj6l_jsGj4BKZsmRiM72gQeJPFOuI", "expire_date": "2024-08-15T14:19:36.870Z"}}]